sourceId,sourceName,author,title,description,url,urlToImage,publishedAt,content
None,Storm.mg,鍾巧庭,2020白宮之戰》選民最關心：除了「和川普不一樣」，拜登如何帶領美國走出疫情風暴,2020美國總統大選進入最終倒數階段，美國新冠肺炎（武漢肺炎）疫情仍居高不下。全美迄今已突破900萬人染疫、超過23萬人病故，...,https://www.storm.mg/article/3164455,https://image.cache.storm.mg/styles/smg-800x533-fp/s3/media/image/2020/11/01/20201101-122034_U11552_,"2020-11-01 08:30:01","202090023103010
Donald TrumpJoe BidenTIME
10222
Heres what we know about Joe Bidens COVID-19 plan https://t.co/sVCi0650Ki
TIME (@TIME) October 30, 2020
1023Kamala Harris
10contact tracing
pers… [+119 chars]"
None,Storm.mg,蔡佩珈,3000萬劑新冠疫苗談判破局！指揮中心指台灣東洋「最基本文件都沒有」,"台灣東洋藥品工業股份有限公司（台灣東洋）日前取得德國BioNTech SE（BNT）的新冠肺炎（武漢肺炎）疫苗代理權，...",https://www.storm.mg/article/3171675,https://image.cache.storm.mg/styles/smg-800x533-fp/s3/media/image/2020/10/21/20201021-022231_U8719_M,"2020-11-03 13:15:18",None
None,Storm.mg,盧逸峰,「再發5000元振興券！」商總賴正鎰籲鬆綁商務人士14天隔離限制,全國商業總會29日舉行政策建言發表記者會，商總理事長賴正鎰指出，新冠肺炎（武漢肺炎）不但對國內各產業造成重創、且疫情仍在全球蔓延，...,https://www.storm.mg/article/3157091,https://image.cache.storm.mg/styles/smg-800x533-fp/s3/media/image/2020/10/29/20201029-040036_U6571_M,"2020-10-29 12:06:06",None
None,Storm.mg,羅立邦,「單日雙位數確診恐重現」　醫師示警促政府加強控制這道關卡,新冠肺炎（武漢肺炎）疫情肆虐全球，近日台灣境外移入確診者暴增，引發關注。對此，中山醫學大學附設醫院兒童急診科主任謝宗學指出，...,https://www.storm.mg/article/3205983,https://image.cache.storm.mg/styles/smg-800x533-fp/s3/media/image/2020/01/30/20200130-031838_U14224_,"2020-11-15 00:50:01",None
None,Storm.mg,黃天如,「擁雙北30戶房卻不租不賣！」嚴格執行囤房稅會是居住正義的解藥嗎？,新冠肺炎（武漢肺炎）病毒突襲，除了人類健康，也為全球經濟造成打擊；然而同一時間，房市卻因貨幣寛鬆釋出得過多資金，一時之間熱絡非常。...,https://www.storm.mg/article/3140072,https://image.cache.storm.mg/styles/smg-800x533-fp/s3/media/image/2019/09/14/20190914-015751_U5965_M,"2020-10-26 01:00:01",None
None,Storm.mg,鍾巧庭,「是人終歸一死」！巴西新冠飆破570萬例　「熱帶川普」博索納羅要人民「別像個娘們,巴西新冠肺炎（武漢肺炎）疫情嚴峻，確診人數高居全球第三，總統博索納羅本人早就確診染病，卻依然不把疫情當一回事。...,https://www.storm.mg/article/3200173,https://image.cache.storm.mg/styles/smg-800x533-fp/s3/media/image/2020/11/12/20201112-064854_U11552_,"2020-11-12 13:00:01","16
Jair Bolsonaro657Michelle Bolsonaro7
Reuters10......
Sinovac Biotech11
São Paulo10Butantan Institute4600CoronaVacJoão Doria
Bolsonaro embraces a zen outlook https://t.co/zhVmGMJJhd
John Huds… [+34 chars]"
None,"udn 聯合新聞網",中國新聞組／北京1日,"「雙陰證明」太難！ 海外中國人放棄返鄉 - UDN 聯合新聞網","<ol><li>「雙陰證明」太難！ 海外中國人放棄返鄉  UDN 聯合新聞網
</li><li>COVID-19 新冠病毒全球疫情懶人包美國創紀錄單日確診破10萬全美染疫突破900萬例｜2020/10/31 17:10  ETtoday新聞雲
</li><li>躲開美國也沒用 哈麗普感染新冠肺炎  Yahoo奇摩
</li><li>新冠肺炎逾百萬確診英國二度封城20201101 公視中晝新聞",https://udn.com/news/story/7332/4980137,https://pgw.udn.com.tw/gw/photo.php?u=https://uc.udn.com.tw/photo/wj/paper/2020/11/01/8934418.jpg&s=,"2020-11-01 06:25:24",None
None,Storm.mg,中央社,上任後抗疫優先！拜登：疫苗上市後人人免費施打,美國和德國藥廠研發武漢肺炎疫苗傳佳音，美國總統當選人拜登今天表示，疫苗上市後將讓美國人人免費施打，並公平且有效率分配。但他強調，...,https://www.storm.mg/lifestyle/3190744,https://image.cache.storm.mg/styles/smg-800x533-fp/s3/media/image/2020/11/10/20201110-095812_U13380_,"2020-11-10 02:01:09","PfizerBioNTech2019COVID-19390%7Joe Biden13
Wilmington
FDA
20
Johns Hopkins University100023"
None,Storm.mg,鍾巧庭,不住泰國的泰王》拉瑪十世長年滯留海外「遠端治國」、奢華度假　德國恐下逐客令？,泰王「拉瑪十世」瓦吉拉隆功長年旅居海外，即使在登基後仍鮮少待在泰國，大多數時間都於德國的豪華寓所內「遠端治國」，年初泰國新冠肺炎（武漢肺炎...,https://www.storm.mg/article/3147166,https://image.cache.storm.mg/styles/smg-800x533-fp/s3/media/image/2020/10/26/20201026-094510_U11552_,"2020-10-27 01:00:01","68King Maha VajiralongkornBavaria11215133Lèse-majesté
8800GarmischPartenkirchen
Maha VajiralongkornKathinaErik Kirschbaum
Is Germany about to lose patience with its Thai king guest? https://t.co/J… [+356 chars]"
None,Storm.mg,蔡佩珈,交大研發獨創快篩系統　5分鐘精準判斷新冠肺炎感染程度,為因應新冠肺炎（武漢肺炎）疫情，交通大學研究團隊27日發表「全定量」快篩檢測系統，只需5分鐘即可精準判斷人體感染程度，...,https://www.storm.mg/article/3149876,https://image.cache.storm.mg/styles/smg-800x533-fp/s3/media/image/2020/05/07/20200507-113439_U6571_M,"2020-10-27 11:23:25",None
None,Storm.mg,李芯,何時拿到輝瑞新冠疫苗？陳時中：沒說明年1月就有,針對美國輝瑞藥廠與德國生技公司BioNTech研發的新冠肺炎（武漢肺炎）疫苗，台灣是否能在明年1月取得、並準備好相關技術，...,https://www.storm.mg/article/3196484,https://image.cache.storm.mg/styles/smg-800x533-fp/s3/media/image/2020/11/11/20201111-104855_U13721_,"2020-11-11 13:55:41",None
None,"udn 聯合新聞網",巴黎28日綜合外電報,"全球新冠肺炎單日確診突破50萬例 再創新高 - UDN 聯合新聞網","<ol><li>全球新冠肺炎單日確診突破50萬例 再創新高  UDN 聯合新聞網
</li><li>第2波更嚴重？中國學者：武肺病毒變異無症狀感染者大增| 中國  新頭殼
</li><li>警惕無症狀患者越來越多！ 張伯禮：病毒已變異「傳染性增強」  ETtoday 新聞雲
</li><li>歐洲疫情火箭式飆升 全球確診將超越兩個台灣人口  udn OOPS! 新鮮事
</li><li>武",https://udn.com/news/story/120944/4971865,https://pgw.udn.com.tw/gw/photo.php?u=https://uc.udn.com.tw/photo/2020/10/28/98/8856603.jpg&s=Y&x=0&,"2020-10-28 18:16:04",None
None,"udn 聯合新聞網",編譯胡夢瑋／即時報導,"再創新高！美國單日新增逾9.1萬新冠病例 - UDN 聯合新聞網","<ol><li>再創新高！美國單日新增逾9.1萬新冠病例  UDN 聯合新聞網
</li><li>新冠病毒新變種肆虐歐洲 福奇悲觀美國疫情  Anue鉅亨
</li><li>武漢肺炎變種病毒橫掃歐洲！封城前夕，巴黎湧現塞車潮  科技新報 TechNews
</li><li>新冠肺炎10月30日全球最新情報  UDN 聯合新聞網
</li><li>英國1天增10萬確診 單日感染數「9天就翻倍",https://udn.com/news/story/120944/4975247,https://pgw.udn.com.tw/gw/photo.php?u=https://uc.udn.com.tw/photo/2020/10/30/realtime/8879919.jpg&s=,"2020-10-30 02:34:05","CNNOccupational and Environmenta..."
None,Storm.mg,黃信維,"再擋啊！「Taiwan can help」遭世衛封鎖　立委、網友大玩「壓力測試」",世界衛生大會（WHA）今年因為武漢肺炎（新冠肺炎）改為視訊進行，但台灣今年再度未獲邀參與，甚至有網友發現，世界衛生組織（WHO）...,https://www.storm.mg/article/3199156,https://image.cache.storm.mg/styles/smg-800x533-fp/s3/media/image/2018/05/22/20180522-094046_U12418_,"2020-11-12 06:49:12","WHAWHOWHATaiwan can helpPresident Tsai Can Help
WHOTaiwan can helpWHOWho
.............
WHOWHOWHO2300
WHO"
None,"udn 聯合新聞網",編譯胡夢瑋／即時報導,"別無選擇！比利時要求染疫醫生繼續在醫院工作 - UDN 聯合新聞網","<ol><li>別無選擇！比利時要求染疫醫生繼續在醫院工作  UDN 聯合新聞網
</li><li>武漢肺炎全球最新情報 10/27  中央社即時新聞
</li><li>疫情焦點︱港增5病例全輸入連續兩日本地「零確診」 （附個案搜尋器）  香港蘋果日報
</li><li>本港新增八宗確診全屬輸入個案 無本地感染  雅虎香港新聞
</li><li>家聚爆疫輾轉傳朋友同事16人  加拿大星島日",https://udn.com/news/story/120944/4966624,https://pgw.udn.com.tw/gw/photo.php?u=https://uc.udn.com.tw/photo/2020/10/27/realtime/8845345.jpg&s=,"2020-10-27 02:05:05","BBC10
Belgian Association of Medical UnionsPhilippe DevosBBC
26
3210311810"
None,Storm.mg,盧逸峰,創下半年來新高！今新增8例境外移入確診個案　菲律賓占最大宗,中央流行疫情指揮中心今（13）日因應新冠肺炎（武漢肺炎）召開臨時記者會，發言人莊人祥公布國內新增8例境外移入確診，其中5例自菲律賓入境、...,https://www.storm.mg/article/3202380,https://image.cache.storm.mg/styles/smg-800x533-fp/s3/media/image/2020/06/04/20200604-124144_U720_M6,"2020-11-13 06:45:08",59159259559659723595420301028291111125
None,Storm.mg,羅立邦,北市旅遊「救急方案」12月出爐　柯文哲：團客自由行都補助,新冠肺炎（武漢肺炎）疫情造成各國封鎖邊界，衝擊全球觀光經濟，眼看第2波疫情到來，旅館業恐再臨寒冬，台北市長柯文哲預告，...,https://www.storm.mg/article/3189444,https://image.cache.storm.mg/styles/smg-800x533-fp/s3/media/image/2020/11/09/20201109-023742_U14224_,"2020-11-09 11:30:01",None
None,"udn 聯合新聞網",東京9日綜合外電報導,"北海道疫情擴大 新冠肺炎預估單日新增破200例 - UDN 聯合新聞網","<ol><li>北海道疫情擴大 新冠肺炎預估單日新增破200例  UDN 聯合新聞網
</li><li>全球武漢肺炎確診破5000 萬例，歐洲疫情最嚴重  科技新報 TechNews
</li><li>疫情蠢動！衣服洗錯「整件病菌穿上身」 醫教2點正確步驟  三立新聞網
</li><li>歐洲疫情燒過來 增一例烏克蘭籍年輕女性  udn OOPS! 新鮮事
</li><li>疫情間「有條件",https://udn.com/news/story/120944/5000244,https://pgw.udn.com.tw/gw/photo.php?u=https://uc.udn.com.tw/photo/2020/11/09/98/9041488.jpg&s=Y&x=0&,"2020-11-09 03:29:46",None
None,Storm.mg,中央社,南韓單日確診增逾百例　日常活動感染風險上升,韓國中央防疫對策本部通報，截至5日凌晨零時，確診感染2019冠狀病毒疾病（COVID-19，武漢肺炎）新增125例，當局指出，隨著氣溫下降...,https://www.storm.mg/article/3178874,https://image.cache.storm.mg/styles/smg-800x533-fp/s3/media/image/2020/11/05/20201105-094045_U7213_M,"2020-11-05 14:30:01",None
None,Storm.mg,黃天如,南韓接種後70死、國內多起不良反應澆滅搶打熱潮　流感疫苗還能打嗎？,新冠肺炎（武漢肺炎）方興未艾，當新冠疫苗還在樓梯響，今年流感疫苗一開打就掀起搶打潮，未料隨著流感疫苗接種不良反應事件頻傳，甚至出現致死個案...,https://www.storm.mg/article/3161353,https://image.cache.storm.mg/styles/smg-800x533-fp/s3/media/image/2020/10/07/20201007-110541_U1085_M,"2020-11-02 00:40:01",None
None,Storm.mg,方莉婷,台北101跨年煙火一定放！張學舜：盼能鼓勵人心,受疫情影響，北市年底重頭戲跨年晚會是否如期舉行受矚目。台北市政府於22日晚間定調，若出現1名新冠肺炎（武漢肺炎）本土不明感染病例，...,https://www.storm.mg/article/3138289,https://image.cache.storm.mg/styles/smg-800x533-fp/s3/media/image/2017/01/01/20170101-122355_U1841_M,"2020-10-23 10:06:41",None
None,Storm.mg,蔡佩珈,台灣何時能買輝瑞疫苗？柯文哲：一定排在後面，要務實一點,美國製藥廠輝瑞（Pfizer）與德國生技公司BioNTech（BNT）合作研發的新冠肺炎（武漢肺炎）疫苗有效率超過90%，...,https://www.storm.mg/article/3192819,https://image.cache.storm.mg/styles/smg-800x533-fp/s3/media/image/2020/11/10/20201110-022308_U6571_M,"2020-11-10 09:40:43",None
None,Storm.mg,羅立邦,台灣又被邊緣化？疫情下經濟、死亡影響雙低　醫師讚：活在平行世界的角落生物！,國外經濟學者日前發表報告，分析新冠肺炎（武漢肺炎）在全球造成的死亡與經濟影響，結果台灣不僅死亡人數少，更還是唯一有成長GDP的國家，...,https://www.storm.mg/article/3181985,https://image.cache.storm.mg/styles/smg-800x533-fp/s3/media/image/2018/06/04/20180604-025252_U12418_,"2020-11-07 01:20:01","Jesús Fernández-VillaverdeCharles I. JonesGDP7%800"
None,Storm.mg,羅立邦,台灣民意基金會民調》陳時中退步？國人給指揮中心78分，比2月少5分,新冠肺炎（武漢肺炎）疫情肆虐全球，衛福部長陳時中於今年1月24日起出任中央流行疫情指揮中心指揮官，期間宣布實施口罩實名制、集會人數限制、...,https://www.storm.mg/article/3146528,https://image.cache.storm.mg/styles/smg-800x533-fp/s3/media/image/2020/08/26/20200826-033313_U6571_M,"2020-10-27 02:00:01","12478.3225.84
279037.8%808926.4%617911.3%6011.9%6010.2%2.4%78.32
87.5%64.2%8026.55.84
https://bit.ly/3aAQ9d6"
None,"udn 聯合新聞網",記者陳婕翎／台北即時,"商務來台居檢有症狀沒說 比利時籍男自費採檢揪出確診 - udn OOPS! 新鮮","<ol><li>商務來台居檢有症狀沒說 比利時籍男自費採檢揪出確診  udn OOPS! 新鮮事
</li><li>武漢肺炎》韓國本土病例持續攀升！指揮中心：自中低風險國家移除| 生活  新頭殼
</li><li>武漢肺炎新增2例境外移入 2印尼移工確診  中央社即時新聞
</li><li>「恐添20萬人命」美淪新冠地獄  UDN 聯合新聞網
</li><li>新增2例境外移入 印尼2女移",https://udn.com/news/story/120940/5006582,https://pgw.udn.com.tw/gw/photo.php?u=https://uc.udn.com.tw/photo/2020/11/11/realtime/9054797.png&s=,"2020-11-11 06:14:04",None
None,Storm.mg,潘維庭,商務客可縮短檢疫天數，台商行不行？陸委會：勿與特殊專案混淆,新冠肺炎（武漢肺炎）疫情下，台商關注春節期間返台買機票的便利性，以及縮短居家檢疫天數的可能性。陸委會發言人邱垂正12日在例行記者會上回應，...,https://www.storm.mg/article/3200470,https://image.cache.storm.mg/styles/smg-800x533-fp/s3/media/image/2020/11/12/20201112-061607_U589_M6,"2020-11-12 13:48:10",None
None,Storm.mg,盧逸峰,國際疫情持續升溫！陳時中宣布9日起將對「有症狀入境者」加強檢疫,中央流行疫情指揮中心今（4）日召開新冠肺炎（武漢肺炎）例行疫情記者會，指揮官陳時中宣布今日新增1名境外移入確診個案，...,https://www.storm.mg/article/3173995,https://image.cache.storm.mg/styles/smg-800x533-fp/s3/media/image/2020/09/08/20200908-120046_U1085_M,"2020-11-04 06:33:16",None
None,Storm.mg,陳煜,士林夜市慘澹！攤商淚「100多家歇業」　網點破最大關鍵,士林夜市曾是台北最具指標性的夜市之一，過去人潮絡繹不絕，如今受新冠肺炎（武漢肺炎）疫情衝擊，人潮受到影響，有攤商透露，...,https://www.storm.mg/article/3142626,https://image.cache.storm.mg/styles/smg-800x533-fp/s3/media/image/2020/07/03/20200703-022933_U11927_,"2020-10-25 02:46:47",None
None,Storm.mg,李芯,士林夜市百攤歇業　朱學恒9年前就點出致命傷,新冠肺炎（武漢肺炎）疫情肆虐，少了外國客的台北士林夜市據傳已經關了100多家攤商。對此，「宅神」朱學恒翻出自己9年前的文章就已「預言」...,https://www.storm.mg/article/3149304,https://image.cache.storm.mg/styles/smg-800x533-fp/s3/media/image/2019/02/21/20190221-031845_U13925_,"2020-10-27 08:12:30",None
None,"udn 聯合新聞網",記者陳婕翎、邱宜君／,"大烏龍！ 檢體錯置 江蘇台商沒染疫 - UDN 聯合新聞網","<ol><li>大烏龍！ 檢體錯置 江蘇台商沒染疫  UDN 聯合新聞網
</li><li>指揮中心卸責 實驗室人員爆不滿  中時新聞網
</li><li>快訊／新增3例境外移入！指揮中心1400臨時記者會說明  ETtoday 新聞雲
</li><li>武漢肺炎》檢體錯置大烏龍！ 指揮中心︰自江蘇返台台商未染疫  自由時報電子報
</li><li>快訊》今境外移入再添3名！莊人祥下午2點",https://udn.com/news/story/120940/4971946,https://pgw.udn.com.tw/gw/photo.php?u=https://uc.udn.com.tw/photo/2020/10/29/realtime/8856403.jpg&s=,"2020-10-28 17:12:04",None
None,Storm.mg,方莉婷,對台灣防疫「讚不完」　芭芭拉史翠珊點名蔡英文：令人驚嘆的女總統,新冠肺炎（武漢肺炎）肆虐，全球確診人數超過4000萬，更有百萬人因此喪命；相較於國際，台灣目前為止確診人數逾500人、僅7起死亡病例，...,https://www.storm.mg/article/3158752,https://image.cache.storm.mg/styles/smg-800x533-fp/s3/media/image/2018/01/09/20180109-020408_U7111_M,"2020-10-30 04:49:01",None
None,Storm.mg,財經中心,"對抗新冠肺炎疫情 東洋持續努力，期望貢獻一分心力！",除了「瑞德西韋」(Remdesivir)以及「法匹拉韋」(Favipiravir)被國際看好是治療新冠肺炎(COVID-19，武漢肺炎)...,https://www.storm.mg/article/3160438,https://image.cache.storm.mg/styles/smg-800x533-fp/s3/media/image/2020/09/23/20200923-032956_U11927_,"2020-10-30 13:17:38","(Remdesivir)(Favipiravir)(COVID-19)()PharmaMar1019Plitidepsin(Aplidin)/
PharmaMar/PlitidepsinC(CRP)747750%1570%80.7%15,38.2%830COVID-19AEMPSPlitidepsinPharmaMar
2015PharmaMarPlitidepsinPharmaMarTFD… [+55 chars]"
None,Storm.mg,陳煜,常態出國預定時間曝！搶布局「5大市場」　廉價機票恐絕跡,新冠肺炎（武漢肺炎）疫情影響全球觀光產業，交通部觀光局預估，國際觀光要到2021年第4季才有可能解封邊境，...,https://www.storm.mg/article/3169451,https://image.cache.storm.mg/styles/smg-800x533-fp/s3/media/image/2020/08/30/20200830-023616_U6571_M,"2020-11-03 02:11:19",None
None,Storm.mg,盧逸峰,年底恐倒千家旅行社！旅行業者懇求政府伸出援手,新冠肺炎（武漢肺炎）疫情重擊國內外旅行業者，中華民國旅行公會全聯會28日舉辦「疫情下，旅行產業的未來」記者會，與全國各相關公協會表達心聲、...,https://www.storm.mg/article/3153595,https://image.cache.storm.mg/styles/smg-800x533-fp/s3/media/image/2020/10/28/20201028-034120_U6571_M,"2020-10-28 11:18:18",None
None,Storm.mg,廖綉玉,得過新冠肺炎能從此免疫嗎？英國研究：具抗體的患者人數在3個月內減26%，恐有多次,武漢肺炎（新冠肺炎）從今年1月起肆虐全球，根據美國約翰霍普金斯大學（JHU）數據，截至27日，全球已有逾4300萬個確診病例，疫情持續延燒...,https://www.storm.mg/article/3150082,https://image.cache.storm.mg/styles/smg-800x533-fp/s3/media/image/2020/03/20/20200320-112425_U1085_M,"2020-10-27 12:10:01","1JHU27430027326%
Imperial College London343562092826%671609144
18247.9%6.7%14.9%753.3%2%39%
Graham Cooke
Paul Elliott"
None,"udn 聯合新聞網",編譯徐榆涵／即時報導,"德媒：泰王凌晨秘密送醫 1隨扈確診新冠肺炎 - udn OOPS! 新鮮事","<ol><li>德媒：泰王凌晨秘密送醫 1隨扈確診新冠肺炎  udn OOPS! 新鮮事
</li><li>泰王秘密就醫德媒曝1隨扈確診新冠病毒  TVBS NEWS
</li><li>泰王凌晨秘密送醫！德媒爆貼身隨扈確診新冠 醫院急下封口令  ETtoday 新聞雲
</li><li>示威如火如荼要求王室改革 泰王讚保皇派勇敢  UDN 聯合新聞網
</li><li>武漢肺炎》王室隨扈確",https://udn.com/news/story/120944/4960564,https://pgw.udn.com.tw/gw/photo.php?u=https://uc.udn.com.tw/photo/2020/10/24/realtime/8821683.jpg&s=,"2020-10-24 05:31:04","BildMaha Vajiralongkorn212
23·Bhumibol Adulyadej4Queen Suthida
14"
None,Ettoday.net,ETtoday新聞雲,"快訊／譚德塞證實「曾接觸確診者」 將自行隔離在家工作 - ETtoday 新聞雲","<ol><li>快訊／譚德塞證實「曾接觸確診者」 將自行隔離在家工作  ETtoday 新聞雲
</li><li>WHO秘書長譚德塞爆隔離中！證實接觸「武漢肺炎確診者」｜三立新聞網SETN.com  三立新聞網SETN
</li><li>譚德塞曾接觸染疫者！目前感覺良好並自我隔離  udn OOPS! 新鮮事
</li><li>最新》曾接觸過確診患者WHO秘書長譚德塞證實隔離中@東森新聞CH",https://www.ettoday.net/news/20201102/1844652.htm,https://cdn2.ettoday.net/images/4942/d4942113.jpg,"2020-11-02 00:19:00","I have been identified as a contact of someone who has tested positive for #COVID19. I am well and without symptoms but will self-quarantine over the coming days, in line with @WHO protocols, and wor… [+70 chars]"
None,Chinatimes.com,高德順,"慘了！新冠病例急速暴增 法擬宣布全國封鎖一個月 - 中時新聞網 Chinatim","<ol><li>慘了！新冠病例急速暴增 法擬宣布全國封鎖一個月  中時新聞網 Chinatimes.com
</li><li>歐洲疫情火箭式飆升 全球確診將超越兩個台灣人口  udn OOPS! 新鮮事
</li><li>新冠病毒全球疫情｜更新時間2020/10/28 11:00  中華電視公司
</li><li>武漢肺炎單日死亡數破紀錄 傳法國將實施1個月全國封鎖  自由時報電子報
</",https://www.chinatimes.com/realtimenews/20201028000893-260408,https://images.chinatimes.com/newsphoto/2020-10-28/900/20201028000894.jpg,"2020-10-27 22:36:50","29
35000BFM TV29
BFM TV35
2452326624330002700060002900148
()"
None,Storm.mg,黃信維,慢壘賽開球　蔡英文：面對挑戰要冷靜「一球一球去投」,民進黨主席蔡英文今(15)日出席「小英盃慢速壘球錦標賽開幕典禮」，並為球賽開球。面對武漢肺炎（新冠肺炎）的疫情，蔡英文在致詞時特別強調，...,https://www.storm.mg/article/3207246,https://image.cache.storm.mg/styles/smg-800x533-fp/s3/media/image/2020/11/15/20201115-103644_U6571_M,"2020-11-15 04:55:17",None
None,Storm.mg,林喬慧,應援醫護，醫美品牌也不缺席！萊雅旗下「理膚寶水」捐6千支潔手凝露,"新冠病毒(武漢肺炎)疫情持續延燒，至今已造成全球逾4,446萬人確診、117萬人死亡，近來歐美疫情再度升溫，...",https://www.storm.mg/article/3207096,https://image.cache.storm.mg/styles/smg-800x533-fp/s3/media/image/2020/11/15/20201115-113101_U18450_,"2020-11-15 03:38:15",None
None,Storm.mg,陳又嘉,打造個人百萬IP　花系列小生分享創星夢想,隨著武漢肺炎疫情延燒，傳統的經濟模式受到衝擊，數位經濟、線上銷售等「新經濟」不再是噱頭。神彩藝藝新媒體日前於阿爾發星光學院啟動「...,https://www.storm.mg/localarticle/3170768,https://image.cache.storm.mg/styles/smg-800x533-fp/s3/media/image/2020/11/03/20201103-040054_U14116_,"2020-11-03 08:08:35",None
None,Storm.mg,盧逸峰,拚觀光不分藍綠！林佳龍偕藍營首長遊竹縣峨眉　斥3億蓋步道,新冠肺炎（武漢肺炎）疫情趨緩後，交通部力推國內旅遊，並規劃將新竹縣市、苗栗縣整合為「竹竹苗觀光圈」，交通部長林佳龍27日親自到訪竹縣獅頭山...,https://www.storm.mg/article/3149800,https://image.cache.storm.mg/styles/smg-800x533-fp/s3/media/image/2020/10/27/20201027-045851_U17832_,"2020-10-27 09:51:59","2720213
578520182025500031711162223487"
None,"udn 聯合新聞網",記者張文馨／華盛頓即,"拜登顧問：未來3到4個月美將進入「新冠地獄」 - UDN 聯合新聞網","<ol><li>拜登顧問：未來3到4個月美將進入「新冠地獄」  UDN 聯合新聞網
</li><li>全球武漢肺炎確診破5000 萬例，歐洲疫情最嚴重  科技新報 TechNews
</li><li>疫情蠢動！衣服洗錯「整件病菌穿上身」 醫教2點正確步驟  三立新聞網
</li><li>歐洲疫情燒過來 增一例烏克蘭籍年輕女性  udn OOPS! 新鮮事
</li><li>美新增病例連4天",https://udn.com/news/story/120944/5002598,https://pgw.udn.com.tw/gw/photo.php?u=https://uc.udn.com.tw/photo/2020/11/10/realtime/9046006.jpg&s=,"2020-11-09 20:18:06","9100024CNBCMichael Osterholm934
3410
Pfizer9FDA"
None,Storm.mg,中央社,擋不住！國內新增3境外移入個案　女自菲返台「靠新試劑揪出確診」,中央流行疫情指揮中心今（14）日宣布新增3例武漢肺炎（新冠肺炎）境外移入病例，分別自菲律賓、印尼及克羅埃西亞入境，...,https://www.storm.mg/article/3205325,https://image.cache.storm.mg/styles/smg-800x533-fp/s3/media/image/2020/06/04/20200604-124144_U720_M6,"2020-11-14 07:30:44","143600
Ct33
6003011711911134229112
60140714
3Ct34
105491103959600508553611530753558
https://bit.ly/3aAQ9d6"
None,Storm.mg,廖綉玉,"新冠疫情肆虐全球 柯林斯字典公布2020年度代表字：lockdown",新冠肺炎（武漢肺炎）從今年1月起肆虐全球，柯林斯字典10日宣布2020年的年度代表單字是「lockdown」（封鎖），並指出從去年至今年，...,https://www.storm.mg/article/3193206,https://image.cache.storm.mg/styles/smg-800x533-fp/s3/media/image/2020/04/02/20200402-022608_U7111_M,"2020-11-10 23:20:01","1102020lockdown6,000%
Collins Dictionary102020lockdownlockdown
1lockdown45lockdown2019425
Helen Newstead2020lockdown2
2020106lockdowncoronavirussocial distancingself-isolatefurloughkey worker160"
None,"udn 聯合新聞網",編譯李京倫／即時報導,"新冠疫苗副作用頻傳 專家：別過度期待效果 - UDN 聯合新聞網","<ol><li>新冠疫苗副作用頻傳 專家：別過度期待效果  UDN 聯合新聞網
</li><li>新冠肺炎第二波來襲 歐美疫情大爆發  Anue鉅亨
</li><li>美國單日確診創新高川普稱武漢肺炎疫情正在結束| 國際| 新頭殼Newtalk  新頭殼
</li><li>新冠肺炎10月26日全球最新情報  UDN 聯合新聞網
</li><li>肺炎疫情：一年內生產全球新冠病毒疫苗是迫在眉",https://udn.com/news/story/120944/4965134,https://pgw.udn.com.tw/gw/photo.php?u=https://uc.udn.com.tw/photo/2020/10/26/realtime/8842084.jpg&s=,"2020-10-26 08:36:07","(NIAID)(Anthony Fauci)2512..."
None,Storm.mg,蔡佩珈,新冠疫苗談判破局有救？莊人祥：明年第1季有機會購得,美國製藥廠輝瑞（Pfizer）日前宣布，與德國生技公司BioNTech（BNT）合作研發的新冠肺炎（武漢肺炎）疫苗有效率超過90%。...,https://www.storm.mg/article/3192543,https://image.cache.storm.mg/styles/smg-800x533-fp/s3/media/image/2020/10/22/20201022-020056_U6571_M,"2020-11-10 08:28:30",None
None,Storm.mg,盧逸峰,新冠肺炎》台商檢出強陽性後被逆轉　指揮中心承認大烏龍「拿錯檢體」,中央流行疫情指揮中心28日舉行例行記者會，指揮官陳時中指出，日前1位由中國江蘇返台台商（案530）確診新冠肺炎（武漢肺炎），...,https://www.storm.mg/article/3152554,https://image.cache.storm.mg/styles/smg-800x533-fp/s3/media/image/2020/09/02/20200902-024822_U6571_M,"2020-10-28 06:53:19",None
None,Storm.mg,盧逸峰,新冠肺炎》台灣連續200天無本土病例！境外移入確診案例仍頻傳,中央流行疫情指揮中心今（29）日宣布國內達到連續200天無本土病例的里程碑，但國內新增3例新冠肺炎（武漢肺炎）確診個案，分別自菲律賓、美國...,https://www.storm.mg/article/3155950,https://image.cache.storm.mg/styles/smg-800x533-fp/s3/media/image/2020/10/29/20201029-025811_U13925_,"2020-10-29 07:07:41","292003554
5523012101410251026552362016
55360111015210201026102716511
https://bit.ly/3aAQ9d6"
None,Storm.mg,郭怜妤,新冠肺炎確診個案搭高鐵返家　高鐵回應了,中央流行疫情指揮中心發言人莊人祥今（14）日宣布新增3例確診新冠肺炎（武漢肺炎）的境外移入病例。其中，...,https://www.storm.mg/article/3205397,https://image.cache.storm.mg/styles/smg-800x533-fp/s3/media/image/2020/10/22/20201022-020056_U6571_M,"2020-11-14 08:10:44",None
None,"udn 聯合新聞網",記者陳婕翎、陳雨鑫／,"新增1例！菲籍移工參加確診友人喪禮 來台出關前採檢陽性 - udn OOPS! ","<ol><li>新增1例！菲籍移工參加確診友人喪禮 來台出關前採檢陽性  udn OOPS! 新鮮事
</li><li>武漢肺炎》美單日確診逾9萬創新高 全國飆破900萬例  自由時報電子報
</li><li>新冠肺炎增1境外移入 曾染疫菲籍移工檢疫期滿二度確診  Yahoo奇摩新聞
</li><li>COVID-19 新冠病毒全球疫情懶人包全球確診破4506萬例法國兩日激增8.3萬例疫情再",https://udn.com/news/story/120940/4975917,https://pgw.udn.com.tw/gw/photo.php?u=https://uc.udn.com.tw/photo/2020/10/30/realtime/8884226.jpg&s=,"2020-10-30 06:07:03","130(555)1015
55591013114
9171820103109
101510297
101787(100194)554462553611(530)751433"
None,"udn 聯合新聞網",記者陳婕翎、陳雨鑫／,"新增2例境外移入 菲籍女出關陰性7天後卻轉陽 - udn OOPS! 新鮮事","<ol><li>新增2例境外移入 菲籍女出關陰性7天後卻轉陽  udn OOPS! 新鮮事
</li><li>1024新增2例境外移入!指揮中心召開記者會說明｜民視快新聞｜  民視新聞網 Formosa TV News network
</li><li>武漢肺炎新增2例境外移入 指揮中心下午2點記者會說明  自由時報電子報
</li><li>武肺疫報｜新增2例境外移入！菲籍女移工無症狀檢疫期",https://udn.com/news/story/120940/4960676,https://pgw.udn.com.tw/gw/photo.php?u=https://uc.udn.com.tw/photo/2020/10/24/realtime/8822031.jpg&s=,"2020-10-24 06:09:04","2
5492093031013
102212336
55030102101810212
100306(99044)55045855361750241"
None,"udn 聯合新聞網",轉角24小時,日本「立皇嗣之禮」：皇太子的壺切御劍與女系天皇矛盾,「這把劍，聯繫著天皇的萬世一系...」日本皇室在11月8日舉行「立皇嗣之禮」，正式將現任的德仁天皇之弟——秋篠宮文仁親王——訂立為繼承天皇皇位第一順位的皇嗣。因應新型冠狀病毒（COVID-19，俗稱武漢肺炎）的防疫措施，儀式從本來預定的4月延後到11月之外，也減縮了流程規模。在立皇嗣之禮上，秋篠宮傳承了象徵皇太子地位的「壺切御劍」，與哥哥德仁天皇即位時獲得的「天叢雲劍」彼此呼應，作為天皇血脈傳遞的,https://global.udn.com/global_vision/story/8662/5000716,https://pgw.udn.com.tw/gw/photo.php?u=https://uc.udn.com.tw/photo/2020/11/09/1/9043152.jpg&x=0&y=0&s,"2020-11-09 09:28:40",None
None,"udn 聯合新聞網",編譯易起宇／綜合外電,"日本燒肉店為何能在新冠疫情中屹立不搖？ - UDN 聯合新聞網","<ol><li>日本燒肉店為何能在新冠疫情中屹立不搖？  UDN 聯合新聞網
</li><li>新冠疫情重擊下，全球只有這3個國家出口依舊強勁！  風傳媒
</li><li>武漢肺炎全球最新情報10/24  中央社即時新聞
</li><li>健康網》為什麼武漢肺炎如此危險？ 4點要知道的病毒特徵- 新知傳真  自由時報電子報
</li><li>疫情仍不見盡頭…武肺全球狀況一覽表  Yaho",https://udn.com/news/story/6812/4959738,https://pgw.udn.com.tw/gw/photo.php?u=https://uc.udn.com.tw/photo/2020/10/23/realtime/8816841.jpg&s=,"2020-10-23 15:58:05","KingMonogatari Corp.422073%
6King2.4%710.3%7
2,9803,980
622
Watami563,0001,800
840%85%
78Hot Pepper Gourmet1,032205948.4%44.6%"
None,Chinatimes.com,林周義,"星媒酸台灣防疫 新冠零本土卻輸出病例 - 中時新聞網 Chinatimes.co","<ol><li>星媒酸台灣防疫 新冠零本土卻輸出病例  中時新聞網 Chinatimes.com
</li><li>武漢肺炎增1例境外移入 指揮中心下午2時說明  中央社即時新聞
</li><li>台連200天無本土個案境外移入增3例｜華視新聞20201029  中華電視公司
</li><li>武漢肺炎》案555男子在菲國曾與染疫者同住莊人祥：返台檢疫期滿確診| 生活  新頭殼
</li>",https://www.chinatimes.com/realtimenews/20201030003286-260405,https://images.chinatimes.com/newsphoto/2020-10-30/900/20201030003336.jpg,"2020-10-30 06:35:42",<ol><li></li><li></li><li></li><li></li><li></li></ol>
None,Storm.mg,陳煜,最新薪資調查出爐！年均月薪53000元　這產業調薪率最高,新冠肺炎（武漢肺炎）疫情衝擊產業，連帶影響台灣勞工「薪情」。104人力銀行於今（10）日公布2020年薪資福利調查，...,https://www.storm.mg/article/3194893,https://image.cache.storm.mg/styles/smg-800x533-fp/s3/media/image/2020/07/03/20200703-050829_U1085_M,"2020-11-11 03:11:23","1041020206410006360000.7%364100053000
64%201971.7%6.3%29.7%
0.94520191.081.41"
None,Storm.mg,李瑋萱,有錢拿嗎、安全嗎？催生國產新冠疫苗　疫情指揮中心徵求2萬名受試者,新冠肺炎（武漢肺炎）疫情延燒，為加速國產新冠疫苗臨床試驗，中央流行疫情指揮中心今（11）日宣布，將設立臨床試驗登記平台，有意願參與試驗者，...,https://www.storm.mg/article/3195878,https://image.cache.storm.mg/styles/smg-800x533-fp/s3/media/image/2020/10/21/20201021-022231_U8719_M,"2020-11-11 07:34:15",None
None,Storm.mg,羅立邦,東洋代理疫苗破局被指「林全栽在陳時中手上」　陳時中說話了,新冠肺炎（武漢肺炎）肆虐全球，台灣東洋代理德國BNT疫苗談判破局，國民黨前秘書長蔡正元酸說，只怪東洋董事長林全沒有「反中基因」，...,https://www.storm.mg/article/3206154,https://image.cache.storm.mg/styles/smg-800x533-fp/s3/media/image/2020/10/19/20201019-042912_U18440_,"2020-11-15 01:00:01",None
None,Storm.mg,陳煜,東洋疫苗「買空賣空、坑殺股民」？林全坦言：交易量不正常,台灣東洋因代理新冠肺炎（武漢肺炎）破局引發爭議，董事長林全今（12）日親自召開記者會強調，破局主因是沒有政府口頭或書面保證，...,https://www.storm.mg/article/3199889,https://image.cache.storm.mg/styles/smg-800x533-fp/s3/media/image/2020/11/11/20201111-040505_U19752_,"2020-11-12 10:26:28",None
None,Storm.mg,羅立邦,林全質疑台灣東洋內線交易　羅智強：檢調敢查內閣這2人嗎？,台灣東洋代理新冠肺炎（武漢肺炎）疫苗談判破局，引發外界質疑內線交易、炒股，董事長林全12日坦言，「的確有內線交易可能」，...,https://www.storm.mg/article/3206118,https://image.cache.storm.mg/styles/smg-800x533-fp/s3/media/image/2020/11/03/20201103-105604_U6571_M,"2020-11-14 14:31:18",1015384.332170082.2113570679.84571.4
None,"udn 聯合新聞網",記者邱宜君／台北即時,"歐洲疫情火箭式飆升 全球確診將超越兩個台灣人口 - udn OOPS! 新鮮事","<ol><li>歐洲疫情火箭式飆升 全球確診將超越兩個台灣人口  udn OOPS! 新鮮事
</li><li>武漢肺炎單日死亡數破紀錄 傳法國將實施1個月全國封鎖  自由時報電子報
</li><li>天氣轉涼 全美確診飆新高 7天平均每日6.8萬人  世界日報
</li><li>新冠特效藥將問世？這國宣稱可完全消滅病毒且無副作用  經濟日報
</li><li>新冠肺炎歐洲疫情又告急 法國",https://udn.com/news/story/120944/4969882,https://pgw.udn.com.tw/gw/photo.php?u=https://uc.udn.com.tw/photo/2020/10/28/realtime/8852400.png&s=,"2020-10-28 04:26:05",None
None,Storm.mg,財經中心,歐美新冠疫情再度拉警報！資金轉進美元債市避風頭,歐美新冠肺炎（武漢肺炎）疫情再度拉警報，為減輕對經濟造成的衝擊，市場預期，歐洲央行將在本周四宣布擴大「抗疫購債計畫」規模，...,https://www.storm.mg/article/3154784,https://image.cache.storm.mg/styles/smg-800x533-fp/s3/media/image/2020/10/29/20201029-062743_U720_M6,"2020-10-29 01:20:28",None
None,Storm.mg,中央社,武漢肺炎台灣新增8例境外移入、日本單日超過1千例再創新高！專家憂：第3波疫情已到,中央流行疫情指揮中心今（13）日宣布，台灣新增8例武漢肺炎（2019冠狀病毒疾病，COVID-19）境外移入病例，目前累計597例...,https://www.storm.mg/lifestyle/3200722,https://image.cache.storm.mg/styles/smg-800x533-fp/s3/media/image/2020/07/13/20200713-031005_U7321_M,"2020-11-13 03:11:50",None
None,Storm.mg,陳煜,民眾憂打疫苗不良反應！重症醫揭「致命數據」：不打更危險,今年因新冠肺炎（武漢肺炎）疫情，許多民眾搶打流感疫苗，不料卻屢傳「流感疫苗接種不良事件」，其中嚴重個案共25件、死亡案例4件，引發民眾熱議...,https://www.storm.mg/article/3151570,https://image.cache.storm.mg/styles/smg-800x533-fp/s3/media/image/2020/10/21/20201021-051453_U8719_M,"2020-10-28 03:01:35","25427
2019176296483105242041218%966018%1729
1%964
4500"
None,"udn 聯合新聞網",巴黎27日專電,"法媒：疫情已失控 恐再度全國封城 - UDN 聯合新聞網","<ol><li>法媒：疫情已失控 恐再度全國封城  UDN 聯合新聞網
</li><li>武漢肺炎單日死亡數破紀錄 傳法國將實施1個月全國封鎖  自由時報電子報
</li><li>歐亞疫情不平靜 伊朗單日確診及不治人數創新高  世界日報
</li><li>歐洲疫情火箭式飆升 全球確診將超越兩個台灣人口  udn OOPS! 新鮮事
</li><li>快新聞／傳法國當局考慮全國封鎖一個月 週",https://udn.com/news/story/120944/4969237,https://pgw.udn.com.tw/gw/photo.php?u=https://uc.udn.com.tw/photo/2020/10/28/98/8851014.jpg&s=Y&x=0&,"2020-10-28 00:51:00","Le Monde
2019COVID-19255
Emmanuel MacronJean Castex
BFMBFM TV35
Le Figaro
3
8
97
Gabriel Attal 
24523266243300027000
29001485800"
None,Storm.mg,徐炳文,港務公司推動國際商港通行證E化　落實實名制政策,臺灣港務股份有限公司表示，自COVID-19(武漢肺炎)疫情爆發前，該公司即配合中央流行疫情指揮中心之指示，...,https://www.storm.mg/localarticle/3156291,https://image.cache.storm.mg/styles/smg-800x533-fp/s3/media/image/2020/10/29/20201029-041552_U14116_,"2020-10-29 08:21:47",None
None,"udn 聯合新聞網",綜合報導,"男星休葛蘭也確診新冠！ 自曝「狂聞垃圾桶、眼球脹大3倍」 - UDN 聯合新聞網","<ol><li>男星休葛蘭也確診新冠！ 自曝「狂聞垃圾桶、眼球脹大3倍」  UDN 聯合新聞網
</li><li>休葛蘭染新冠肺炎失嗅覺崩潰聞垃圾桶  TVBS NEWS
</li><li>休葛蘭自爆得新冠肺炎「眼球腫3倍大」 崩潰到處聞垃圾桶  Yahoo奇摩新聞
</li><li>《K歌情人》休葛蘭確診新冠肺炎！ 崩潰聞垃圾桶「眼球脹大3倍」  ETtoday星光雲
</li><li>",https://udn.com/news/story/120944/5009816,https://pgw.udn.com.tw/gw/photo.php?u=https://uc.udn.com.tw/photo/2019/01/16/1/5800102.jpg&s=Y&x=0&y,"2020-11-12 08:54:17","(Brigham and Women's Hospital)..."
None,Ettoday.net,ETtoday新聞雲,"疫情回彈！新研究證明「病毒傳播更快」 關鍵原因驚人曝光 - ETtoday 新聞","<ol><li>疫情回彈！新研究證明「病毒傳播更快」 關鍵原因驚人曝光  ETtoday 新聞雲
</li><li>武漢肺炎全球最新情報10/24  中央社即時新聞
</li><li>全球武漢肺炎超過4200萬例確診 逾114萬人病歿  自由時報電子報
</li><li>洛縣疫情趨緩 商家重啟鬆綁  世界日報
</li><li>酒店業者斷炊被建商解約｜ 蘋果新聞網  台灣蘋果日報
</l",https://www.ettoday.net/news/20201024/1838482.htm,https://cdn2.ettoday.net/images/5219/d5219615.jpg,"2020-10-23 16:52:00","Arnauds Fontanet232019COVID-19
BFM…8
22416229990432
992/3
68
91
Jean Castex11"
None,Storm.mg,黃天如,疫情年人力板塊大地震！外籍白領反增14%、年年攀升的藍領竟首度減少了,新冠肺炎（武漢肺炎）肆虐，對全球人力移動造成重大影響。根據統計，截至今年9月底，台灣外籍藍領人數69萬9218人，較去年底減少了近2萬人；...,https://www.storm.mg/article/3183039,https://image.cache.storm.mg/styles/smg-800x533-fp/s3/media/image/2020/06/13/20200613-113236_U13721_,"2020-11-10 00:10:01",None
None,Ettoday.net,ETtoday新聞雲,"疫情引爆第3次世界大戰！ 英參謀長憂：區域衝突誤判戰事將升級 - ETtoday","<ol><li>疫情引爆第3次世界大戰！ 英參謀長憂：區域衝突誤判戰事將升級  ETtoday 新聞雲
</li><li>武漢肺炎》英軍最高指揮官憂：疫情恐引發第三次世界大戰  自由時報電子報
</li><li>武漢肺炎疫情釀經濟危機英國防參謀長警告：恐引發第三次世界大戰| 國際  新頭殼
</li><li>英國參謀總長：全球不確定性恐增世界大戰風險| 新聞- Yahoo雅虎香港  雅虎香港",https://www.ettoday.net/news/20201109/1850070.htm,https://cdn2.ettoday.net/images/5257/d5257398.jpg,"2020-11-08 23:13:00",None
None,Storm.mg,廖綉玉,疫情露曙光！美國輝瑞宣布第3階段試驗結果：旗下新冠疫苗有效率逾90%,新冠肺炎（武漢肺炎）疫情嚴重衝擊全球，至今已奪走全球逾125萬人的性命，世界各地的科學家與製藥公司紛紛投入疫苗研發，...,https://www.storm.mg/article/3190237,https://image.cache.storm.mg/styles/smg-800x533-fp/s3/media/image/2020/11/09/20201109-095719_U7111_M,"2020-11-09 14:02:37",None
None,Storm.mg,黃天如,疫苗戰爭》研發時間縮短10倍，新冠肺炎疫苗安全嗎？,新冠肺炎（武漢肺炎）去年底突襲全人類，今年八月俄羅斯率先核准一款疫苗，十月十四日又核准第二支，美、英、中等大國也預告年底前會有疫苗研發上市...,https://www.storm.mg/article/3132164,https://image.cache.storm.mg/styles/smg-800x533-fp/s3/media/image/2020/10/21/20201021-055116_U8719_M,"2020-10-24 01:30:01","11010
2003SRAS3COVID-19COVID-19"
None,"udn 聯合新聞網",編譯田思怡／即時報導,"白宮再爆疫情！副總統幕僚長染疫 潘斯被列密切接觸者 - udn OOPS! 新鮮","<ol><li>白宮再爆疫情！副總統幕僚長染疫 潘斯被列密切接觸者  udn OOPS! 新鮮事
</li><li>歷年「拜習會」 美國會要求解密  自由時報電子報
</li><li>疫情燒到副總統身邊潘斯的幕僚長、高級顧問紛確診| 世界新聞網  世界日報
</li><li>快訊／美副總統彭斯幕僚長確診新冠！ 彭斯夫婦病毒檢測結果出爐  ETtoday 新聞雲
</li><li>武漢肺炎》",https://udn.com/news/story/120944/4962330,https://pgw.udn.com.tw/gw/photo.php?u=https://uc.udn.com.tw/photo/2020/10/25/realtime/8830373.jpg&s=,"2020-10-25 04:14:05",24454222019COVID-194203...
None,"udn 聯合新聞網",記者張文馨／華盛頓即,"白宮疫情再爆發 幕僚長梅杜斯確診新冠肺炎 - udn OOPS! 新鮮事","<ol><li>白宮疫情再爆發 幕僚長梅杜斯確診新冠肺炎  udn OOPS! 新鮮事
</li><li>川普雪上加霜! 幕僚長確診武肺CNN:白宮官員開始疏遠川普  台灣蘋果日報
</li><li>選後「跳船」第一人！川普白宮幕僚已辭職 後續動向曝光  ETtoday 新聞雲
</li><li>白宮疫情再起！幕僚長梅多斯確診武漢肺炎  自由時報電子報
</li><li>路透：白宮幕僚長梅",https://udn.com/news/story/120944/4996347,https://pgw.udn.com.tw/gw/photo.php?u=https://uc.udn.com.tw/photo/2020/11/07/1/9031698.jpg&s=Y&x=12&,"2020-11-07 04:15:04","24122019COVID-19BaltimoreJohns Hopkins University8306930241230851226"
None,"udn 聯合新聞網",轉角24小時,"皮草大國與武肺突變？丹麥急防疫1,500萬頭水貂「全境撲殺」",11月05日，丹麥。「丹麥全境撲殺染疫貂...皮草產業一命嗚呼？」全球最大貂皮生產國丹麥，在4日的疫情記者會上宣布，丹麥國內的多座水貂養殖場，發現水貂感染新型冠狀病毒（COVID-19，俗稱武漢肺炎）的案例，而且這些確診水貂身上的病毒不僅已經發生變異，同時境內也有12人感染了相同的病毒。儘管針對丹麥所謂的「突變病毒」尚未有完整確實的研究，但丹麥政府擔憂人畜共通、由貂傳染給人而演變成大規模擴散，而率,https://global.udn.com/global_vision/story/8662/4990647,https://pgw.udn.com.tw/gw/photo.php?u=https://uc.udn.com.tw/photo/2020/11/05/1/9022015.jpg&x=0&y=0&s,"2020-11-05 09:17:24","4COVID-1910 
2020. 11. 05 
 1,500
...4COVID-19121,500
1,100Mink1,2001,7002020COVID-19
Mette Frederiksen412
... 
Danish Veterinary and Food AdministrationDanish Emergency Management AgencyGjol … [+122 chars]"
None,Storm.mg,盧逸峰,秋冬疫情再起？本週天天有確診、迄今已增15例,中央流行疫情指揮中心今（6）日因新冠肺炎（武漢肺炎）疫情召開記者會，發言人莊人祥指出，國內新增4例境外移入確診病例，分別自印尼及墨西哥入境...,https://www.storm.mg/article/3180729,https://image.cache.storm.mg/styles/smg-800x533-fp/s3/media/image/2020/10/22/20201022-020056_U6571_M,"2020-11-06 06:32:23","6415
5742021030114311615
103,389101,843573481553611(530)752343"
None,Storm.mg,中央社,秋冬防疫專案要來了！擴大篩檢、戴口罩規範趨嚴　旅遊泡泡有進展嗎？,武漢肺炎（新冠肺炎）疫情持續肆虐全球，中央流行疫情指揮中心指揮官陳時中今（11）日說，秋冬防疫專案大致方向已定案，預計18日公布；且說「...,https://www.storm.mg/article/3196206,https://image.cache.storm.mg/styles/smg-800x533-fp/s3/media/image/2020/08/26/20200826-033313_U6571_M,"2020-11-11 08:51:54",None
None,"udn 聯合新聞網",記者張睿廷／新北即時,"篩檢2次還驗不出陽性 陳時中：未來情形會越來越多 - UDN 聯合新聞網","<ol><li>篩檢2次還驗不出陽性 陳時中：未來情形會越來越多  UDN 聯合新聞網
</li><li>武肺599個案3採陰確診 陳時中：未來情況可能越多  自由時報電子報
</li><li>台確診數破600例！ 秋冬專案邊境、社區、檢驗從嚴@東森新聞CH51  東森新聞 CH51
</li><li>陳時中：入境擬擴大要求陰性證明  UDN 聯合新聞網
</li><li>武漢肺炎秋冬專案",https://udn.com/news/story/120940/5016503,https://pgw.udn.com.tw/gw/photo.php?u=https://uc.udn.com.tw/photo/2020/11/15/realtime/9077480.jpg&s=,"2020-11-15 04:15:41","Road to Ultra: Taiwan 2020 ..."
None,Storm.mg,盧逸峰,紓困補助落幕、觀光基金見底　林佳龍點「5把火」救國旅,觀光旅宿業者在今年新冠肺炎（武漢肺炎）疫情中受重創，交通部雖在疫情趨緩後推出安心國旅及紓困補助，然而補助已漸落幕、正逢淡季開始，...,https://www.storm.mg/article/3192474,https://image.cache.storm.mg/styles/smg-800x533-fp/s3/media/image/2020/10/27/20201027-045338_U13204_,"2020-11-10 07:54:00",None
None,Chinatimes.com,吳映璠,"美單日確診破20萬創紀錄 拜登顧問：美將進入新冠地獄 - 中時新聞網 China","<ol><li>美單日確診破20萬創紀錄 拜登顧問：美將進入新冠地獄  中時新聞網 Chinatimes.com
</li><li>COVID-19 新冠病毒全球疫情懶人包台灣新增2例境外移入美國總確診數突破千萬例｜2020/11/10 14:10  ETtoday新聞雲
</li><li>「恐添20萬人命」美淪新冠地獄  UDN 聯合新聞網
</li><li>美國「過去24小時內」20萬確",https://www.chinatimes.com/realtimenews/20201111004018-260408,https://images.chinatimes.com/newsphoto/2020-11-11/900/20201111004145.jpg,"2020-11-11 07:12:30",None
None,Storm.mg,蔡娪嫣,美國新冠疫情再攀高峰，日增8.2萬人確診！「抗疫隊長」佛奇：川普缺席白宮疫情會議,《紐約時報》報導，美國正處於新冠肺炎（武漢肺炎）疫情最嚴重的危機當中，10月初以來，病例數量持續攀升，23日全美通報逾8萬2000新增病例...,https://www.storm.mg/article/3140587,https://image.cache.storm.mg/styles/smg-800x533-fp/s3/media/image/2020/07/02/20200702-014828_U720_M6,"2020-10-24 05:02:57","102382000
4041000Anthony Fauci23MSNBCDonald Trump
Mike Pence
3Sun Belt2147JHUTom Inglesby
771675687Raymond Embry4192Johnny Salinas Jr.67
715CDCCDCBrian KempKeisha Lance Bottoms"
None,"udn 聯合新聞網",華盛頓30日綜合外電,"美國新冠肺炎單日確診破10萬 刷新全球紀錄 - UDN 聯合新聞網","<ol><li>美國新冠肺炎單日確診破10萬 刷新全球紀錄  UDN 聯合新聞網
</li><li>60歲台男自印度返台確診 同班機19人列居家隔離對象  Yahoo奇摩新聞
</li><li>武漢肺炎》美單日確診逾9萬創新高 全國飆破900萬例  自由時報電子報
</li><li>確診激增 餐廳面臨新一波營業限制  世界日報
</li><li>新冠肺炎10月31日全球最新情報  UDN ",https://udn.com/news/story/120944/4978654,https://pgw.udn.com.tw/gw/photo.php?u=https://uc.udn.com.tw/photo/2020/10/31/98/8912892.jpg&s=Y&x=0&,"2020-10-31 08:38:36","(Regeneron Pharmaceuticals Inc)30(Johnson &amp; Johnson)1218"
None,"udn 聯合新聞網",華盛頓24日綜合外電,"美國疫情升溫連兩天單日新增病例刷新紀錄| 聯合新聞網：最懂你的新聞網站 - UD","<ol><li>美國疫情升溫連兩天單日新增病例刷新紀錄| 聯合新聞網：最懂你的新聞網站  UDN 聯合新聞網
</li><li>美國增8.8萬人確診武漢肺炎 連2天創單日新高  中央社即時新聞
</li><li>冬季室內活動增，美確診數飆歷史高！白宮：疫情不可控  科技新報 TechNews
</li><li>美疫情加劇 連2天單日新增病例破紀錄  Yahoo奇摩新聞
</li><li>第",https://udn.com/news/story/120944/4962837,https://pgw.udn.com.tw/gw/photo.php?u=https://uc.udn.com.tw/photo/2020/10/25/98/8832489.jpg&s=Y&x=0&,"2020-10-25 08:33:24","Johns Hopkins University22019
238308302019COVID-198897379963
8568625224751
5035
24700800906
Donald Trump113JoeBiden
Barack Obama
North Carolina"
None,Storm.mg,鍾巧庭,美國總統大選》控醫師為賺錢浮報新冠死亡數　川普的最後一博：別管病毒了，讓我們向前,新冠肺炎（武漢肺炎）疫情是2020美國大選的一大主軸，與猛攻川普抗疫不力的民主黨候選人拜登相比，陷入苦戰的現任總統川普雖也在選前狂打「...,https://www.storm.mg/article/3166959,https://image.cache.storm.mg/styles/smg-800x533-fp/s3/media/image/2020/11/02/20201102-115416_U11552_,"2020-11-02 07:10:01","2020
FiveThirtyEight39.4%57.6%Donald Trump202110314
In the final run up to Election Day, the United States has hit its worst spike in cases of COVID-19 since the pandemic began https://t.co/Z9cGXdT… [+78 chars]"
None,"udn 聯合新聞網",編譯易起宇／綜合外電,"美股早盤狂漲逾1400點 輝瑞新冠疫苗取得重大突破 - udn OOPS! 新鮮","<ol><li>美股早盤狂漲逾1400點 輝瑞新冠疫苗取得重大突破  udn OOPS! 新鮮事
</li><li>輝瑞實驗性新冠肺炎疫苗3期試驗 預防疾病保護效力達90%  Yahoo奇摩新聞
</li><li>疫苗突破性進展提振 國際油價一度飆逾9%  Anue鉅亨
</li><li>武漢肺炎》輝瑞：與BNT合作疫苗有效率達90％  自由時報電子報
</li><li>疫情曙光| 輝瑞:",https://udn.com/news/story/6811/5002052,https://pgw.udn.com.tw/gw/photo.php?u=https://uc.udn.com.tw/photo/2020/11/09/realtime/9045179.jpg&s=,"2020-11-09 14:48:51","9PfizerBioNTech90%
1,435.755.07%5003.74%1.49%2.71%ADR0.22%
BioNTech90%50%60%
39.44%20.94%14.61%"
None,Storm.mg,羅立邦,若紓困到年底業績還是很爛　柯文哲：可能要考慮轉行,新冠肺炎（武漢肺炎）疫情造成全球經濟受損，台北市長柯文哲23日提出台北市今年9至12月的振興紓困措施，有稅籍者若能證明營業較去年衰退，...,https://www.storm.mg/article/3138509,https://image.cache.storm.mg/styles/smg-800x533-fp/s3/media/image/2020/10/23/20201023-122938_U4040_M,"2020-10-23 11:23:38",None
None,"udn 聯合新聞網",編譯陳韋廷／即時報導,"英國藥廠：老人與年輕人接種新冠疫苗後 均產生免疫反應 - UDN 聯合新聞網","<ol><li>英國藥廠：老人與年輕人接種新冠疫苗後 均產生免疫反應  UDN 聯合新聞網
</li><li>武漢肺炎︱金融時報：牛津疫苗對老年者也有用成功產生大量抗體  台灣蘋果日報
</li><li>英藥商攜手牛津大學拚武漢肺炎疫苗 老人年輕人接種反應佳  中央社即時新聞
</li><li>新冠疫苗再傳佳音！老人接種牛津疫苗產生強大免疫反應  UDN 聯合新聞網
</li><li>阿斯",https://udn.com/news/story/120944/4965322,https://pgw.udn.com.tw/gw/photo.php?u=https://uc.udn.com.tw/photo/2020/10/26/realtime/8842604.jpg&s=,"2020-10-26 10:00:09","(NIAID)(Anthony Fauci)2512..."
None,"udn 聯合新聞網",倫敦30日專電,"英格蘭每天逾5萬人染疫 專家籲全面封鎖 - UDN 聯合新聞網","<ol><li>英格蘭每天逾5萬人染疫 專家籲全面封鎖  UDN 聯合新聞網
</li><li>武漢肺炎》美單日確診逾9萬創新高 全國飆破900萬例  自由時報電子報
</li><li>歐洲累計確診破千萬大關 美國單日確診9萬創新高  RFI - 法國國際廣播電台
</li><li>新冠肺炎10月31日全球最新情報  UDN 聯合新聞網
</li><li>全加新增近3千確診緬省193例單日",https://udn.com/news/story/120944/4977236,https://pgw.udn.com.tw/gw/photo.php?u=https://uc.udn.com.tw/photo/2020/10/11/realtime/8727326.jpg&s=,"2020-10-30 15:55:04","ONS201950%52000
29230652019COVID-19280965340
51900352002790010011401
2
Imperial College LondonREACT960009
King's College London32000
3
BBCSAGEJeremy Farrar
Loughborough UniversityDuncan Rober… [+36 chars]"
None,"udn 聯合新聞網",轉角24小時,薛丁格的重返瘟疫現場？日本要爆不爆「第三波疫情危機」,"11月13日，日本。「說要最大警戒...但政府真的有緊張感嗎？」日本12日公布新型冠狀病毒（COVID-19，俗稱武漢肺炎）的疫情感染，全國單日確診人數1,661人，創下日本疫情爆發以來最高紀錄，其中北海道感染236人，同樣刷新了春季以來的感染數字。同時首都圈的東京都，從10月底以來依然有多次超過300人以上感染，面對冬季的疫情復甦跡象，日本醫師會呼籲政府應該要嚴防「第三波感染」的來襲。然而現階段",https://global.udn.com/global_vision/story/8662/5011709,https://pgw.udn.com.tw/gw/photo.php?u=https://uc.udn.com.tw/photo/2020/11/13/1/9065866.jpg&x=0&y=0&s,"2020-11-13 04:37:14","2020. 11. 13 
...12COVID-191,661236JMAGoTo
121,661393236231114,538
4579911
121,661393236231114,538 
NGOJMA1110
GoToGoToGoTo
JMA12
GoToGoTo10
JMA2 
1214GoTo
13GoTo
13 
GoTo
GoToGoTo
GoT… [+23 chars]"
None,Storm.mg,中央社,觀光勝地變鬼城！祕魯疫情重創旅遊業　「全球最佳」導遊改賣冰維生,巴葉斯原本是位赫赫有名的導遊，帶著世界領袖、流行歌手，甚至公主，遊覽曾為印加王國的秘魯各地，但受到武漢肺炎疫情影響，...,https://www.storm.mg/article/3164959,https://image.cache.storm.mg/styles/smg-800x533-fp/s3/media/image/2020/11/01/20201101-061501_U11552_,"2020-11-01 11:30:01","Efraín VallesAndesCuzco2019COVID-19130
Machu Picchu2260002/3
In Peru's Cuzco, pandemic devastates tourism and economy (from @AP) By @franklinbriceno &amp; photos by @MartinMejiaShttps://t.co/65Dxrb… [+122 chars]"
None,"udn 聯合新聞網",巴黎9日綜合外電報導,"輝瑞實驗性疫苗3期試驗 保護效力達90% - 經濟日報","<ol><li>輝瑞實驗性疫苗3期試驗 保護效力達90%  經濟日報
</li><li>輝瑞實驗性新冠肺炎疫苗3期試驗 預防疾病保護效力達90%  Yahoo奇摩新聞
</li><li>疫苗突破性進展提振 國際油價一度飆逾9%  Anue鉅亨
</li><li>武漢肺炎》輝瑞：與BNT合作疫苗有效率達90％  自由時報電子報
</li><li>美股早盤狂漲逾1400點 輝瑞新冠疫苗取得重大",https://money.udn.com/money/story/5599/5001799,https://pgw.udn.com.tw/gw/photo.php?u=https://uc.udn.com.tw/photo/2020/07/14/realtime/8183899.jpg&s=,"2020-11-09 13:21:19","PfizerBioNTech2019COVID-193COVID-1990%
27128
Albert BourlaCOVID-193COVID-19
20205000202113"
None,"udn 聯合新聞網",記者陳婕翎、陳雨鑫、,"輝瑞／BNT疫苗 醫估台灣最快明年下半年施打 - UDN 聯合新聞網","<ol><li>輝瑞／BNT疫苗 醫估台灣最快明年下半年施打  UDN 聯合新聞網
</li><li>輝瑞BNT新冠肺炎疫苗傳捷報 莊人祥：台灣明年首季有望買到  Yahoo奇摩新聞
</li><li>怨疫苗好消息選後才公布川普怒控「政治操作」 | 國際  新頭殼
</li><li>美德研發武漢肺炎疫苗預防感染率達90% 2020-11-10 IPCF-TITV 原文會原視新聞  IPCF-",https://udn.com/news/story/120940/5005475,https://pgw.udn.com.tw/gw/photo.php?u=https://uc.udn.com.tw/photo/2020/11/11/realtime/9052059.jpg&s=,"2020-11-10 16:29:04",None
None,"udn 聯合新聞網",記者陳婕翎／台北即時,"連9天增22例 新冠肺炎境外移入+2 指揮中心14：30說明 - UDN 聯合新","<ol><li>連9天增22例 新冠肺炎境外移入+2 指揮中心14：30說明  UDN 聯合新聞網
</li><li>COVID-19 新冠病毒全球疫情懶人包台灣新增2例境外移入美國總確診數突破千萬例｜2020/11/10 14:10  ETtoday新聞雲
</li><li>全球5096萬確診 美國就占1千萬  Yahoo奇摩新聞
</li><li>旅遊泡泡再不開 業者嘆：旅遊業八成一定收",https://udn.com/news/story/120940/5002890,https://pgw.udn.com.tw/gw/photo.php?u=https://uc.udn.com.tw/photo/2020/11/10/realtime/9047023.jpg&s=,"2020-11-10 02:33:04","2922230
PfizerBioNTech2019COVID-19390%"
None,"udn 聯合新聞網",編譯陳韋廷／即時報導,"連三天創高！歐洲疫情狂燒 全球染疫數一天增逾46.5萬 - UDN 聯合新聞網","<ol><li>連三天創高！歐洲疫情狂燒 全球染疫數一天增逾46.5萬  UDN 聯合新聞網
</li><li>武漢肺炎》美國連2天確診創新高 專家警告︰單日恐破10萬例  自由時報電子報
</li><li>美國單日增8.4萬宗確診創7月以來新高  加拿大星島日報
</li><li>10月25日 新冠肺炎全球最新疫情一次看  經濟日報
</li><li>快訊／美單日新增8.5萬起確診病例 ",https://udn.com/news/story/120944/4962901,https://pgw.udn.com.tw/gw/photo.php?u=https://uc.udn.com.tw/photo/2020/10/25/realtime/8832717.jpg&s=,"2020-10-25 09:04:05","COVID-19Österreichische Post1023"
None,"udn 聯合新聞網",編譯劉忠勇／綜合外電,"金價跌至一個月谷底 國際油價觸及6月來低點 - 經濟日報","<ol><li>金價跌至一個月谷底 國際油價觸及6月來低點  經濟日報
</li><li>武漢肺炎確診數飆升 國際油價挫至5個月低點  自由財經
</li><li>〈能源盤後〉新冠確診人數竄升 加劇需求擔憂 原油挫至5個月低點  Anue鉅亨
</li><li>疫情蔓延威脅需求復甦 油價跌  UDN 聯合新聞網
</li><li>疫情加劇打擊經濟復甦前景國際油價重挫  工商時報
</li",https://money.udn.com/money/story/5618/4975011,https://pgw.udn.com.tw/gw/photo.php?u=https://uc.udn.com.tw/photo/2020/10/05/realtime/8693035.jpg&x=,"2020-10-29 23:28:17","StoneX1,880
3:590.4%1,869.859281,860.04120.6%1,868
6
WTI121.2236.17121.4737.65
5:510.36,729.50"
None,Storm.mg,羅立邦,陳時中打包票國產疫苗安全性不打折　學者揪出大疑點：這不是打折？,新冠肺炎（武漢肺炎）疫情肆虐全球，中央流行疫情指揮中心近日開始招募國產疫苗第2期臨床受試者2萬名，不過政大法律系副教授、...,https://www.storm.mg/article/3205876,https://image.cache.storm.mg/styles/smg-800x533-fp/s3/media/image/2020/10/08/20201008-103323_U720_M6,"2020-11-15 00:30:01",None
None,"udn 聯合新聞網",記者陳婕翎、陳雨鑫／,"陳時中：入境擬擴大要求陰性證明 - UDN 聯合新聞網","<ol><li>陳時中：入境擬擴大要求陰性證明  UDN 聯合新聞網
</li><li>武肺疫苗受試登記3天破1.8萬人 陳時中坦言很意外  自由時報電子報
</li><li>武肺疫苗人體試驗招募達1.8萬人陳時中:沒想過速度這麼快  台灣蘋果日報
</li><li>營養金1.8萬武漢肺炎疫苗受試登記破1.3萬人－民視新聞  民視新聞網 Formosa TV News network
</",https://udn.com/news/story/120940/5015945,https://pgw.udn.com.tw/gw/photo.php?u=https://uc.udn.com.tw/photo/2020/11/04/98/9015401.jpg&s=Y&x=0&,"2020-11-14 17:28:04","Road to Ultra: Taiwan 2020 ..."
None,"udn 聯合新聞網",記者林則宏／即時報導,"陸CDC專家：全球新冠疫情嚴峻 邊境一放開就前功盡棄 - UDN 聯合新聞網","<ol><li>陸CDC專家：全球新冠疫情嚴峻 邊境一放開就前功盡棄  UDN 聯合新聞網
</li><li>五人確診一宗感染源頭不明(24.10.2020)  政府新聞處 Information Services Department, HKSARG
</li><li>美國單日增8.4萬宗確診創7月以來新高  加拿大星島日報
</li><li>法國新增4萬5422人染疫創新高 確診總數攀至",https://udn.com/news/story/120944/4961745,https://pgw.udn.com.tw/gw/photo.php?u=https://uc.udn.com.tw/photo/2020/10/24/realtime/8826274.png&s=,"2020-10-24 15:31:12","BildMaha Vajiralongkorn..."
None,Storm.mg,盧逸峰,高喊逆風高飛！星宇航空宣布：12月再開3條「熱門航線」,全球航空業雖受新冠肺炎（武漢肺炎）疫情嚴重衝擊，但星宇航空今（26）日正式宣布要在12月陸續開闢曼谷、大阪、東京3大航點、...,https://www.storm.mg/article/3145468,https://image.cache.storm.mg/styles/smg-800x533-fp/s3/media/image/2020/05/20/20200520-060426_U18320_,"2020-10-26 05:04:27",None
None,"udn 聯合新聞網",記者陳婕翎／台北即時,"高鐵隔1天才被通知載到確診者 指揮中心說話了 - udn OOPS! 新鮮事","<ol><li>高鐵隔1天才被通知載到確診者 指揮中心說話了  udn OOPS! 新鮮事
</li><li>13天增42境外移入 莊人祥談武肺疫苗「有自費」  鏡週刊
</li><li>武漢肺炎》中國質疑進口食品釀病例莊人祥：WHO尚未將食品列入傳播途徑| 生活  新頭殼
</li><li>今+3累計破600例！ 女赴菲探親返台2採陰 新試劑揪出確診  udn OOPS! 新鮮事
</l",https://udn.com/news/story/120940/5015568,https://pgw.udn.com.tw/gw/photo.php?u=https://uc.udn.com.tw/photo/2020/11/14/realtime/9074921.jpg&s=,"2020-11-14 13:29:03","Road to Ultra: Taiwan 2020 ..."
