title,content
"2020 Red Hat Forum 亞太區線上虛擬論壇開跑，數據中台議題受關注","每年一度的 Red Hat Forum ，向來是備受全球關注的年度開源盛會，每年都有專家到場分享最新開源訊息。受到 COVID-19 疫情影響，改以線上舉辦的「2020 Red Hat Forum 亞太區線上虛擬論壇」，議題涵蓋主題演講、科技議程、現場示範等，並有眾多商界領導人、合作夥伴、創新人士和 Red Hat 專家到場，在線上討論最新的開源創新方案，以及推動企業科技未來的最佳案例。值得一提的是，2020 Red Hat Forum 亞太區線上虛擬論壇提供長達一年的線上重播服務，對相關議題有興趣的人士，可隨時隨地的重溫精采內容。

在本屆虛擬論壇最受關注議題之一，莫過於「企業平台化戰略──數據中台戰略跟核心業務轉型」。隨著數位轉型需求孔急，企業IT架構也必須同步轉型，才能因應業務發展需求。因此，問世多年的前後台資訊架構，在互聯網興起下出現的扁平化銷售模式，已無法滿足企業因應商務市場的需求，也讓數據中台議題最受到企業關注。
台灣紅帽解決方案架構師 Michael Suen 說，數據中台概念是透過單一平台，整合 CRM、ERP 等系統資料，讓手機、網站前台等，能以最簡便方式存取資料，達到降低人力與後續維護成本。現今企業正積極推動「大中台、小前台」概念，以便能依照市場變化快速調整營運策略或服務內容。為避免專案推動過程中發生非預期問題，我們建議企業應該從宏觀角度出發，讓業務、營運、技術等三大單位攜手合作，先找出企業需求或痛點，再制定出後續導入策略與進度。
儘管每個企業營運特性不同，但是紅帽建議可分成導入階段、起步階段、實踐階段、優化階段、智慧階段等，即透過了解中台模式及效益、選定 MVP、建設 MVP、數據業務化、持續技術更新等步驟，逐步打造合適企業的數據中台。
市面上最佳中台 Red Hat OpenShift Container Platform
企業要打造業務中台，最佳選擇莫過於由紅帽公司推出的 Red Hat OpenShift Container Platform。此平台預先整合混合雲、企業級容器管理和 Kubernetes 開發與部署所需的一切工具，包含企業級 Linux作業系統、容器運行中環境、網路管理、監控、容器倉庫、身分驗證和授權解決方案等。 由於前述軟體套件是採取整機測試方式，確保可在 Kubernetes 平台上跨越不同雲端服務，進行一致化操作，能大幅降低後續維護成本，讓開發者與企業能專注在自身的業務上。
為降低中台管理難度，紅帽預先在 Red Hat OpenShift Container Platform 中安裝 Kubernetes Operator，並透過第三方外部資源機制提供 Kubernetes API，讓企業用戶能建立、 設定與管理應用程式，如各類常用應用程式、資料庫、快取和監控系統等，自然能達到減少維護成本、操作一致性等目的。
其次，因應混合雲時代來臨，OpenShift Container Platform具備跨越企業內部及公共雲基礎架構的特性進行操作，讓企業輕鬆實現混合式雲端策略，將應用程式部署為可自我管理的解決方案。不光如此，該解決方案還提供應用程式的可移植性，能協助開發者提升工作效率。
為協助開發者能在迅速、靈活、具備信任和擁有選擇的狀態下，完成應用程式建置工作，以便專注在重要的工作上。 OpenShift Container Platform 能與其他符合標準的持續整合／持續交付（CI / CD）工具整合，助企業快速打造符合安全標準的應用程式，輕鬆提高應用程式的品質與安全性。
國泰世華銀行打造中台，節省五成服務開發時間
國泰世華銀行是台灣規模數一數二的銀行，信用卡發行量名列前茅，但與其他傳統銀行一樣，也面臨創新金融科技業者的挑戰。關鍵在於該公司使用多年的資訊架構過於老舊，推出全新商品和服務得花上數個月，加上不同的銷售通路所需要 的代碼和邏輯迥異，根本無法與創新金融科技競爭。
為此，2012 年國泰世華銀行啟動組織轉型計劃──「2020 登峰計劃（New Heights 2020）」，目的是改造銀行前、後端營運服務，從「以產品為中心」轉型為「以客戶為中心」。在評估和測試市面各種方案後，國泰世華銀行決定與紅帽公司合作， 引進 Red Hat Enterprise Linux、Red Hat JBoss Enterprise Application Platform（EAP）和Red Hat OpenShift Container Platform 等解決方案。此外，該公司也選擇透過 Red Hat Fuse 技術串連前述平台，再透過 Red Hat Satellite 支援全新服務中台架構。
國泰世華銀行資訊總管理處副總經理王志峰說，國泰世華銀行在不到一年的時間內，即完成平台建構工作。自引進 Red Hat OpenShift Container Platform、Red Hat JBoss EAP 和 Red Hat Fuse 建立全新服務中台後，節省了 50% 基礎架構的建置成本，並將開發時間縮短 50~60%，從開發、測試、驗證和發布等微服務開發時間，從每 6 週大幅減少到 2 週以內，自然也縮新商品或服務的上線時間。
截至目前為止，國泰世華銀行現已在 Red Hat OpenShift Container Platform 為核心的業務中台上，建置超過 36 項微服務，並有 20 項微服務正進行開發與測試中，對於提升整體競爭力帶來極大幫助。
（首圖來源：Shutterstock）
"
"Google 相簿停止高畫質影像免費無上限儲存，明年 6/1 起生效","自 2015 年以來，Google 相簿持續提供了高畫質照片與影片享有免費、無限制的儲存空間，不過這項福利在半年後就會停止。Google 針對帳戶享有的儲存空間發布重大異動，尤其牽涉相簿與雲端硬碟。用戶未來上傳到 Google 相簿的高畫質照片與影片，以及自己建立的文件、試算表、簡報等檔案，都將計入個人 15GB 配額，新制將從 2021 年 6 月 1 日起生效。

首先，每個 Google 帳戶仍會持續提供 15GB 的免費儲存空間，讓 Gmail、雲端硬碟、相簿等服務共用，Google 認為這樣的儲存容量足夠支應多數用戶好幾年的需求。這些 App 中儲存的項目為私人內容，Google 強調不會將此挪作廣告用途。
個人 15GB 配額計算方式調整
從 6 月 1 日起，用戶上傳到 Google 相簿的所有高畫質照片與影片，都將計入個人免費享有的 15GB 配額，或以 Google One 會員身分額外購買的儲存空間，而在 2021 年 6 月 1 日前備份的所有高畫質照片與影片一概不列入計算。特別的是，若使用的是 Google Pixel 第 1 代至第 5 代，從這些手機上傳的高畫質照片與影片不受影響。
同樣從 6 月 1 日起，所有新增 Google 的文件、試算表、簡報、繪圖、表單、Jamboard（數位白板）檔案都將計入 15GB 配額，或是透過 Google One 所擁有的額外儲存空間。至於在 6 月 1 日前透過上述服務建立的所有內容，除非在 6 月 1 日後還有修改，否則不會計入 15GB 配額。
換句話說，Google 相簿不再為高畫質照片與影片提供免費、無限的儲存空間，自己建立的文件、試算表、簡報等檔案都將計入 15GB 配額。萬一 15GB 儲存空間滿了，則需考慮添購 Google One 服務提供的儲存空間。
所有用戶可以使用 Google One 免費提供的儲存空間管理工具，進一步管理自己 Google 帳戶的儲存空間。如此一來，使用者就能輕鬆掌握 Gmail、雲端硬碟以及相簿等服務的用量；還能保留需要的檔案、刪除不再需要的項目，騰出空間以儲存其他內容，這些操作動作可在同一地方執行。
閒置或超過儲存空間上限帳戶
針對個人 15GB 配額計算方式實施新制後，Google 也以新方法管理閒置或者超過 Gmail、雲端硬碟以及相簿儲存空間上限的帳戶：
Google 強調，當要刪除任何內容前，系統會多次傳送通知，讓用戶能有充分機會採取因應措施，例如重新登入使用、調整檔案儲存位置等。Google 也提醒用戶，若要維持帳戶有效，最簡單的方法是連上網路，定期透過行動版或網頁版登入 Gmail、雲端硬碟或相簿。
（首圖來源：Google 相簿）
"
"Sony 推出「黑科技」螢幕，看 3D 電影終於不用戴眼鏡了","如果要投票選出最失望的未來科技，裸眼 3D 可能會高票當選。
原因無他，目前主打裸眼 3D 技術產品視覺效果很難令人滿意，無論戴「墨鏡」看的 3D 大片還是與頭戴式 VR 的虛擬現實相比，目前裸眼 3D 技術都不能有眼前一亮的震撼感。
別急著對裸眼 3D 失望，Sony 最新推出能營造空間現實感的裸眼 3D 螢幕，帶給你更貼近科幻電影的 3D 效果。
可買到的「概念性」產品
放下沉重的 VR 眼鏡吧，Sony 10 月15 日推出的 ELF-SR1 將帶來獨特的 SR（空間實境）體驗。

過去裸眼 3D 最大缺點就是要固定角度看才會有打破空間限制的 3D 效果，如果頭稍微偏離位置，只能看到模糊重疊的影像。ELF-SR1 的「黑科技」體現在無論人眼位置怎麼移動，都能獲得清晰、高精確度且平滑的立體畫面。
為了達成無死角的立體空間效果，Sony 其實採用非常取巧的方法。


黑科技就藏在這塊能在上面停泊航母的粗大邊框，Sony 放了一顆能追蹤使用者臉部位置的感測鏡頭，透過確定眼睛位置動態調節螢幕的每個畫素，讓螢幕顯示位置最合適視覺圖像「欺騙」人眼。


及時調整畫面使無死角觀感成為可能，且這種裸眼 3D 效果更像立體全像投影，當人眼移動到螢幕側面看顯示畫面時，實際看到的畫面即是顯示物的側面，而不是單純將顯示物（的正面）轉向眼睛。
螢幕內部就像盒子，顯示物飄浮在裡面，能從任意角度觀看。


出色的 3D 效果是由一塊 15.6 吋平板螢幕達成，45 度傾斜於桌面能營造逼真的空間感。螢幕與桌面呈三角形擺放，如果懷疑是 3 塊螢幕聯合形成的立體投影成像，那麼側面的中間鏤空設計也會打破這些質疑。
為了一塊螢幕同時顯示左右眼圖像，ELF-SR1 螢幕採用柱狀棱鏡技術，人眼看到光實際上由柱狀棱鏡分成 2 份，同時傳到左右眼，形成有景深感的 3D 畫面。

今年初 CES 大會 Sony 就展示過 ELF-SR1 概念機，當時仍是試驗階段，效果沒那麼驚豔，因此沒引起太大關注。
出乎人意料的是，僅一年不到，Sony 裸眼 3D 技術就從概念轉為產品落地，並宣布近日於日本和美國預售，售價 50 萬日圓（美版為 4,999 美元）。

ELF-SR1 採用大小 15.6 吋、解析度 4K 的螢幕，色域為 AdobeRGB 約 100%，對比度為 1400:1。
不過出於為顯示 3D 效果的柱狀棱鏡考慮，ELF-SR1 並沒有採用流行的全貼合製程，因此關螢幕會有種過時顯示器的即視感。
不過當螢幕亮起，逼真 3D 畫面就會告訴你錢都花在哪。
不斷摸索的「障眼法」
裸眼 3D 效果一直是人類不斷發展顯示技術的目標之一，不同於 4K、8K 顯示解析度有條不紊地倍數發展，裸眼 3D 的發展仍處於摸索階段。
裸眼 3D 技術並不神祕，利用 2D 畫面顯示 3D 效果一直都是「欺騙」眼睛的魔術，經過多年發展裸眼 3D 基本分成 3 種技術流。

最常見是戶外大型螢幕的裸眼 3D 效果，這主要是利用畫面的陰影造成視覺錯覺的立體感，顯示技術本身並沒有特別之處，並未造成視覺差形成深度感。

之前也討論過城市街頭大螢幕 3D 效果，巨幕搭配特殊製作的立體影片的確帶來相當震撼的 3D 視覺衝擊，但當觀眾離開最佳欣賞角度時，立體效果可能會大打折扣。
個人電子產品運用更廣泛的則是光柵欄法，最著名的代表產品就是任天堂掌機 3DS。
如果純以銷量計算，任天堂 3DS 是世界銷量最高的裸眼 3D 設備，不過令人遺憾的是，這份漂亮的銷售成績似乎與它糟糕的裸眼 3D 效果沒什麼關係。

雖然任天堂以裸眼 3D 功能當成 3DS 的重要賣點，但玩家上手體驗數分鐘的新鮮感後都會不約而同關掉 3D 顯示功能。
因為玩家稍微移動眼睛就會看到疊影，長時間使用造成視覺疲勞，還會讓人感覺噁心，除了看過場 CG 有較好 3D 效果，其他遊戲場景的 3D 表現都很雞肋。

這種欠佳的使用體驗也常出現在其他光柵欄式 3D 螢幕，這與技術原理有關。光柵欄式技術利用液晶層和偏振膜製造出一系列明暗相間的條紋（視差柵欄），為雙眼製造視覺差，讓畫面形成深度感。
這種方式最大的優點就是生產成本很低，代價則是螢幕亮度和解析度都有較大損失，因此長時間觀看就容易視覺疲勞，同時大腦也容易產生眩暈感，引起各種不適。


ELF-SR1 的柱狀棱鏡法是主流顯示器較常用的「欺騙」手段，透過液晶顯示螢幕前方加一層柱狀透鏡，透鏡能以不同方向投影每個子畫素，讓雙眼可從不同角度看顯示螢幕，從而獲得畫面差，同樣能營造深度感。
柱狀透鏡不會造成亮度損失，但由於需要多個子畫素分別為左右眼顯示以營造視覺差，柱狀棱鏡法依然對螢幕解析度打折扣。
新視差顯示技術出現前，ELF-SR1 可能是現在平面裸眼 3D 顯示的最優解。為了解決柱狀棱鏡的低解析度問題，Sony 選擇「量大管飽」4K 解析度螢幕，即使畫素點需要拆分，左右眼也能各獲得 2K 解析度的清晰畫面。


Sony 將臉部追蹤技術運用在 ELF-SR1，螢幕能根據人眼在三軸位置的移動以毫秒級調整畫素排列，透過動態調整畫面解決以往觀眾必須固定角度觀看的痛點，達成平滑移動且具漂浮感的立體 3D 畫面。
不過由於這種畫素遷就眼睛的技術特性，目前 ELF-SR1 僅支持一人使用，也就是說 ELF-SR1 並不能讓三五好友一起看看得見摸得著的 3D 大片，成像原理決定了 ELF-SR1 只屬於一個人的狂歡。
更添一維的未來畫面
Sony 對 ELF-SR1 的產品定位是為電影製作人和動畫製作人（如 Sony 影業的《魔鬼剋星 未來世》團隊）、汽車產品設計師、建築師和 VR / AR 內容創造者等專業創作人服務，幫助他們更方便創造出更高精度的 3D 畫面。

同樣是針對消費者級裸眼 3D 產品，Looking Glass 公司也推出可裸眼做到空間效果的全像顯示器。Looking Glass 的設計與 ELF-SR1 截然不同，相比 ELF-SR1 簡潔的平板螢幕設計，Looking Glass 的螢幕表面還有一塊碩大的玻璃面板。


這與 Looking Glass 的顯示原理有關，可針對物體同時生成並顯示 45 個角度的特定顯示圖像，透過立體玻璃折射，無論從哪個角度觀看，都能獲得數個畫面組合形成立體畫面。
獨特技術原理也讓 Looking Glass 觀看效果有別於 ELF-SR1，能支持多人同時觀看 3D 畫面，不過顯示精確度會遜色為專人服務的 ELF-SR1 。
儘管目前消費者級裸眼 3D 產品的顯示原理各不相同，但應用場景卻一致，都為滿足更專業的視覺工作需要。例如藥物分子結構分析，搭建可視化科學模型，讓設計師達成更多維度的奇妙幻想等。
目前離大眾消費者最近的產品應用，應該會出現在商品行銷展示或博物館立體展示，如果想在電影或遊戲體驗到出色的 3D，仍需要硬體與內容生產業再合作發展一段時間。
利用眼球追蹤技術營造有深感的 3D 效果，其實手機就可以做到。TheParallaxView 便是利用 iPhone 的 3D 結構光模組與陀螺儀就製造出非常不錯的深感效果。
蘋果也申請過類似利用眼球追蹤做到 3D 顯示專利，同樣是利用螢幕透鏡達成裸眼 3D 效果，只是如果真的運用在 MacBook 或 iPhone，可怕的售價也會考驗果粉的信仰。


ELF-SR1 出現對大眾消費者而言象徵意義大於實際意義，之前主打裸眼 3D 的產品就像催熟的水果，外表非常誘人，實際咬一口只有酸澀。
例如任天堂 3DS 後期也為其加入臉部辨識以適應玩家的視線移動，但為了低成本選擇的光柵欄螢幕，依然難以達成清晰流暢的遊戲畫面。

事實證明，要想在消費者級產品做到更成熟的裸眼 3D 效果，除了要有先進的光學技術與面板製造技術，還要能承受另外開闢生產線（不兼容主流 LCD 製程）的高昂成本。
當 3D 浪潮退去，各顯示廠家紛紛上岸轉投其他領域的視覺競賽時，所幸 Sony 仍未放棄在這片深不見底的技術海洋深潛探索。
ELF-SR1 昂貴的價格注定只能屬於小眾，但這並不阻礙讓我們對未來的顯示技術有更高的期待。Sony 為創作者提供包括支援 Unity 等軟體，如果你對這塊螢幕有大膽的想法，現在真有可能會變成現實。
當 3D 顯示面板的成本降低，也許未來裸眼 3D 功能又將迎來復興浪潮，只是這一次逼真的空間立體感不再是噱頭。
（本文由 愛范兒 授權轉載；首圖來源：Sony）
"
「搶賺快錢，我們自食惡果！」士林夜市慘痛告白,"擁有百年歷史的士林夜市，是台灣最具觀光指標的夜市，但如今，空出上百家店面，寂寥街景與一整排的店面出租，前所未見，連帶影響周邊星巴克和麥當勞等品牌撤出，震撼業界。

對此，政府首度緊急派人輔導、投注資源，就怕這個年營收百億元的地標，從此一蹶不振。
它交通便利、腹地大，周邊遊憩地點多，擁有絕佳商圈優勢，但它為何走到今日局面？
「這是前所未有的黑暗期，我們自食惡果！」士林老街商圈繁榮促進會理事長蘇文山說了重話。他坦言，早在疫情前，該夜市就被消費者詬病「貴又難吃」，追根究柢，是因為重押國際旅客，讓品質下降。
原來，2008 年政府開放陸客來台，該夜市一天能湧進 5 千名陸客，各攤商嘗到甜頭，為了賺快錢，他們追求翻桌率，不惜犧牲品質，更乘機哄抬價格，還一連開出十幾家相同的蚵仔煎、鳳梨酥、牛軋糖等店面，喪失特色。
這帶來的後果是，失去國內消費者信任，網路論壇負評遽增。當陸客漸少，攤商仍抱著觀望態度，不願面對問題，甚至想從東南亞等其他國際旅客下手，生意卻大不如前。
「這幾年大家都是在硬撐，疫情來，就全部都垮了！」他解釋。
如今，他們痛定思痛改變，首度盤點商家的屬性和產品，嘗試做出差異化區隔，還讓攤商上課，學習線上行銷和多元支付等新服務，想喚回消費者的心。
不過，轉戰其他夜市的消費者，很難輕易回頭。這個百億商圈正用最慘痛的教訓提醒著，即便擁有種種優勢，一旦搶賺快錢，失去信任，就可能跌落神壇。
（作者：李雅筑；本文由《商業周刊》授權轉載；首圖為 10 月 31 日週末傍晚，士林夜市人潮稀落，文林路上更有逾 20 個空店面等待出租。）
延伸閱讀：
"
"一次讀懂「拜登經濟學」，2021 年台股投資策略全解析","雖然川普誓言「法院見」以求翻盤，但是美國第 46 任總統換上拜登的名字，應該是板上釘釘了。美國總統大選的結果，雖然與台灣主流民意悖離，還鬧出網軍出征美國在台協會的莫名插曲；不過，台灣人有個好習慣，情緒發洩後，回神也回得很快，川普暫且擺一旁，還是賺錢比較重要，與拜登政策連結的投資變化，才是當下重點。
有趣的是，大選前台灣人普遍挺川普，因為這一年來美台交情升溫，兩岸關係惡化，台灣人便把情感投射到川普身上，拜登就彷彿是親中邪惡的勢力。這種信念一直延續到美國時間 11 月 3 日大選投票結束後幾日，直到拜登當選幾乎成了定局，突然間，主流民意的風向又變了──拜登，可能跟我們想的不同！
聚焦美中政策  去中化去美化重新思考
這其中，台灣投資人最關心的主軸，其實就那麼一個──拜登的美中政策後續如何發展？因為這恐將影響到供應鏈重組、台商回流，還有之前被貼上去中化、去美化標籤的股票，整個投資決策可能都要重新再思考。
「拜登，應該是近年最弱勢的美國總統」，這句話，出自許多採訪對象之口，大夥會這麼認為，源自三大理由：第 1、拜登不僅高齡 77，而且健康狀況有疑慮，還有人擔心做不滿任期。第 2、美國總統會受到參議院與眾議院的制衡，拜登所屬的民主黨雖掌控眾議院，卻未能取得參議院多數，「分裂的國會」與川普在選舉中仍擁有的高支持度，都讓拜登必須顧及在野黨的民意。
第 3、大選前拜登父子就不斷傳出與中國關係密切的爭議，有遭到調查的可能。其實還有一點，算是預期心理，因為川普的個人色彩太濃、歐巴馬的個人魅力較強，擅長外交斡旋的拜登，相對上就弱了些。
弱勢總統  短期內難翻轉大局
而這個前提，對於評估所謂的拜登政治經濟學落實的進度與成效，可能有很大的影響。
「很多人會認為，川普與拜登就是相反的人，這是經營企業或一般生活上才這樣想，但政治不是這個樣子，政治上的板塊移動，不是換人就換腦袋，因為已經在這個局中，已經形成一個氛圍，有脈絡有政治基礎，不是換一個人就換掉。」曾擔任美國華府執業律師的兩岸政策協會理事長譚耀南提醒。
從這個角度出發，就不難理解，為什麼原本大家擔心拜登當上總統，會親中、對台灣不利；最近整個風向卻又倒轉，演變成，拜登還是會延續前朝對中國強硬的策略，自然也不會刻意把台灣給賣了！原因就在於，拜登這位弱勢的總統，就算是接下來組建團隊，也要經過國會的核准通過，而分裂的國會會制衡他的人事命令，間接牽動政策方向，很難為所欲為。更何況，拜登是外交專業出身，偏好多邊主義，合縱連橫多方慢慢協商慢慢談，就算想改變什麼，至少要個半年一年的。
「我認為，美中關係會有 6~9 個月的蜜月期，」《財訊》專欄作者愛榭克這麼說。譚耀南也認為，按照慣例，新任美國總統現在要忙著組團隊，交接政權，等到所有人都通過國會核准任命，政策輪廓也漸漸明朗，「有變化已經是明年下半年的事了」。
道理不難懂，競選期間，雖然拜登被認為相對親中，且表現出對川普的中國關稅政策以及中美供應鏈脫鉤並不埋單，可是他的中國政策會走什麼路數？還未明說。可以確定的是，美國主流民意對中國不滿的情況下，政治情勢讓拜登不能放軟。再從另一個角度來看，新政府一開始的政治算計也必須從硬開始，然後再慢慢盤點協商。這也是為何現在外界的共識是，拜登短期內會保持現狀，維持對中國強硬的立場。
只是，硬歸硬，甚至美中關係已經覆水難收回不到當初，但是只要不再如川普般出招暴衝，就足夠讓中國喘息了。另一方面，中國實則也在期待一個新的美中關係，「未來一段時間可能是中國最節制的時候，會對美國很 Nice」，另一位長年往來中美台的專家也這樣表示。
資金行情持續  明年上半年前仍看多
從投資的角度來看，市場最怕的是不確定性，如今美國大選大致底定，美中關係可能暫時不會有更多矛盾，加上輝瑞宣稱新冠疫苗有突破性發展，那麼 2021 年上半年的環境，理論上的確是利於股市的。從另一方面來看，今年上半年因為疫情之故，經濟數據基期很低，明年第一季與第二季的成長性定然好看，也會營造股市偏多的環境。
另一個支持明年上半年股市偏多環境的理由，就是最關鍵的資金行情。美國聯準會主席鮑爾在總統大選後宣示，聯準會將用所有強而有力的工具來支援經濟，同時維持一段長時間低利水準，意味著資金行情將持續下去。
曾是退休基金操盤人的星旺投資總經理鍾景星彙整，目前有三大利多推動股市續揚，首先是超低利環境；第 2 是實體經濟成長有回溫趨勢；第 3 則是政府持續救市。目前全球貨幣量化寬鬆規模超過 20 兆美元，是過去金融海嘯的好幾倍。
可以說，目前除了疫情干擾之外，美國大選造成的短期波動，已經不構成威脅。大選前，許多投資人陸續獲利了結，此刻眼見大勢幾乎底定，也開始布局明年的投資標的，此時，拜登經濟學相關的股票，會是一個參考。
只要稍稍注意過拜登競選政見，大概都知道，潔淨能源、零碳排放是最大的政策，反射到股票，即是電動車、電池、太陽能、風力發電等新能源股。另外，這次美國科技巨頭捐款給拜登的金額不小，顯見彼此的溝通沒有太大障礙。長期觀察華府的專家認為，「拜登對待華為這些出貨管制的問題，著眼點並非中國，而是如何讓美國科技產業得到最大利益，並且在對中國強硬的情況下，讓美國損害降到最低。」
追索台股路徑  科技股仍是控盤主流
易言之，尖端科技業仍會是投資主流，半導體、5G、AI 等都是投資布局的要點。不過要注意的是，台灣之前因為供應鏈重組議題，分成所謂去中化、去美化概念股，如今美中關係有重新轉圜餘地，評價會被重新檢討，兩個陣營本益比的消長，會因為拜登對中國政策的逐步明朗，而有所調整。還有，疫苗露出曙光，投資人對經濟恢復正軌存有期待，先前因疫情大漲的宅經濟等受惠股，若是股價位階已高，也要注意法人評價的變化。
此外，中國若是真能喘一大口氣，那麼今年積極走內需循環的成效，會贏得更多注意，如果內循環成效更佳，今年因為中國市場而股價大跌的公司，接下來有沒有再起的機會，也可以追蹤。不過，明年上半年環境雖有利於股市，惟一旦拜登的團隊到位、政策明朗，也意味著市場的變數開始增加，時間點估計會在明年中。至於另一個被認為會衝擊股市的重大變數，也就是拜登的加稅政策。由於參議院可能由共和黨掌控，短期內想闖關並不易，但是不管怎麼說，這個變數仍是存在，需再觀察。
（本文由 財訊 授權轉載；首圖來源：Flickr/Matt Johnson CC BY 2.0）
延伸閱讀：
"
"中油海外探採有成，查德礦區原油 12 月運回台灣","中油海外探勘進入收割期，位於非洲查德礦區今年 2 月正式生產石油，中油表示，將近 100 萬桶原油的首艘運輸船，預計今年 12 月抵達台灣，不僅是中油第一批非洲原油自給自足，也是海外探勘逾 40 年來的成果展現。
台灣能源進口依存度高，為確保能源供應安全，中油 2006 年與查德政府簽約取得探勘權，歷經 5 年多探勘後，於 2011 年發現數個具經濟開發價值的油田；2017 年，奧瑞（Oryx）油田獲查德總統頒發開發生產許可，由中油擔任礦區經營人，展開為期 25 年的開發生產。
查德礦區為 3 名股東持有股權，包括中油 35%、海南華信國際投控 35%、查德政府 30%，中油表示，目前礦場每天約生產原油 5,500 桶，及天然氣 1 萬 4,000 立方公尺。
中油透露，查德礦區今年 2 月開始正式生產，累計至目前為止已生產 140 萬桶，預計今年 12 月，第一艘船近 100 萬桶原油將會運回台灣的大林煉油廠。
中油指出，這是中油從事海外投資探勘 40 年來，首次獨立擔任海外礦區的經營人，一路主導探勘、開發，到生產，第一船原油運回台灣，將是一項重要里程碑。
不過查德油田最高日產原油約 9,600 桶、天然氣約 3 萬 5,000 立方公尺，對照現階段僅每日產出 5,500 桶原油，未達最大產量。
中油說明，今年油價維持低檔，因此不急著現在按照預定計畫生產，此外，今年武漢肺炎（COVID-19）疫情影響人員調動及設備、原物料運送，也使油田的工作計畫縮減規模。
第一桶原油有其意義，中油運回首批成果之後，後續端看國際油價決定是否運回。
中油分析，畢竟查德與台灣路途遙遠，海運時間約1個多月，若能在當地以相同價格出售，利潤相對好，因此將滾動式檢討自用或外售。
另外，目前查德礦區產出的天然氣，暫不規劃運回台灣，主要供應礦場發電使用。
（作者：楊舒晴；首圖來源：達志影像）
"
人為控制閃電，科學家想開發雷射牽引光束技術引導閃電落點,"難以控制災情的森林大火通常由閃電引起，如果再加上天氣乾燥，野火一發就不可收拾，好比從去年 9 月開始延燒至今年初的澳洲大火。最近一個國際團隊正在思考開發雷射牽引光束（tractor beam）技術，用來控制閃電的路徑、方向與最終放電位置。
俗話說閃電不會打在同一個地方 2 次（Lightning never strikes twice，引申為事不過二），大自然中這種難以捉摸又極高能的現象能被人為控制嗎？包括澳洲國立大學（ANU）在內的一個國際團隊表示，他們正在開發的新技術有望控制閃電擊中地面的位置。
牽引光束技術源自科幻作品構想，是指遠距離利用設備去移動某個物體，看起來就像隔空抓物。研究團隊便設想利用雷射牽引光束去感應雷擊的放電，只要能捕捉並加熱周遭的石墨烯粒子，就可以為低強度的雷射設備準備好電擊穿（electric breakdown）現象與傳輸路徑等條件，從遠距離引導並精確控制閃電的放電位置，減少閃電引發災難性森林大火的風險。
除了引導閃電，相關技術也可以應用在醫學，比如利用光學手術刀執行無創切除腫瘤組織手術。但讓我們先想想用這種技術牽引雷擊的可能性。自 1990 年代以來，科學家就一直在嘗試讓光束牽引技術現實化，但可惜的是進展相當緩慢，目前大概還只能用雷射光束牽引鹽粒大小的物體。牽引雷擊，嗯，有夢想是成功的第一步。
新論文發表在《自然通訊》（Nature Communications）期刊。
（首圖來源：pixabay）
"
仿生手套立大功，讓巴西鋼琴家放手彈琴,"近 20 年之後，馬丁斯終於能無礙重拾他熱愛的事物。

先是右手，然後左手
鋼琴家馬丁斯（João Carlos Martins）足跡曾遍布世界：他在美國和歐洲的交響樂團擔任鋼琴指揮，也曾錄製巴哈（Bach）鍵盤協奏曲全集──但 1995 年卻是他人生的轉捩點：當時在保加利亞的馬丁斯遭兩名歹徒襲擊造成腦部受傷，儘管經過治療，右手卻還是因「局部肌張力不全」（focal dystonia，會影響肌肉動作的神經疾病），接下來幾年逐漸失去作用。
馬丁斯並沒有退休，反而開始左手加上右手拇指的鋼琴表演之路，但隨著左手狀況也逐漸惡化，2019 年不得不中止鋼琴表演。
現在，托仿生技術的福，馬丁斯想重拾鋼琴技術的念頭再也不是夢想。










仿生技術讓重拾鋼琴不是夢
當工業設計師畢札洛（Ubiratan Bizarro）把 3D 列印的仿生手套（bionic gloves）拿給馬丁斯看時，他還以為對方在開玩笑，「我甚至跟他說這是用來打拳，而不是彈鋼琴的吧！」馬丁斯說。
從心死到奇蹟
當然，這不是拿來打拳擊的，在手套上支架的協助下，能把馬丁斯的手指可以往下「推」，讓他可以順利把鋼琴琴鍵壓下去。
現在，馬丁斯已經有辦法正常運用手指，要彈巴哈協奏曲再也難不倒他，他說：「在不能彈鋼琴之後，我就覺得有一部分的自己好像死去了，因為我總覺得自己生來就是要彈琴的。」
「在超過 20 年之後還能再次使用全部的手指頭，對我這個 80 歲的人來說完全是奇蹟」。

（本文由 地球圖輯隊 授權轉載；圖片來源：達志影像）
"
"助能源轉型一臂之力，AISWEI 50kW 商用太陽能逆變器亮眼登場","為實現能源轉型，臺灣矢言在 2025 年裝置 20GW 太陽能容量，強大的內需也帶動相關產業發展，海外廠商紛紛將臺灣列為重點市場之一，其中 AISWEI 也瞄準臺灣太陽能市場成長空間，推出適用於地面與屋頂型的 50kW 三相太陽能逆變器。
AISWEI 原本為德國太陽能逆變器企業 SMA 的獨資子公司，在去年四月時股權重組並開始獨立營運，致力於研發品質與可靠度兼具的光伏並網逆變器、儲能逆變器，是一家擁有從研發、供應商、生產到服務全方位系統流程的高科技企業，目前的自有品牌包括 1kW~50kW 的太陽能逆變器，已成功在全球數十國銷售，年產能高達 3GW，並在臺灣設有銷售與服務職能子公司或合作夥伴，累計裝置量已將近 60MW，也有 30 家以上的客戶。
AISWEI 的三相 50kW 商用逆變器，發電量高，最大效率超過 98.6%，直流過配能力高達 125%，能以較少的逆變器、發出更多的電。逆變器防護等級高達 IP65，同時具有著優秀的抗鹽霧表現，內裡也具備三組最大功率點追蹤（MPPT 控制器），可有效降低因組串失配導致的發電量損失，提升系統發電量，適用於屋頂與地面型案場。
▲
鄧宇強表示，AISWEI 團隊十分重視品質與細節，50kW 商用逆變器為了避免太陽能逆變器受臺灣濕熱高溫影響，採用內外置風扇以及獨立的散熱鰭片，透過智慧強制風冷加速排出逆變器主機殼內的熱量，有效降溫以保護內部重要元件，保障逆變器的運行壽命。外部風扇採用倉盒式設計，位於箱體腰部，方便更換與維運。
而在維運方面，AISWEI 也致力提升效率，降低人工成本，除了使用智慧修復式抗 PID 科技，拒絕 PID 效應降低模組性能，還有搭配高精度智慧組串檢測科技，精准定位故障模組，提高維運效率 50%，透過 AISWEI 監控平台便可快速找到有問題的模組並即時修復。
機體採用德國標準的可靠性設計和驗證，超過 8 千小時的測試以及 1 千小時以上的全面綜合連續測試，每一件產品都進行了高溫高壓等多項嚴苛環境測試後才會出貨，鄧宇強表示，AISWEI 機器具備 6 年品質保固，設備一旦需要維修，48 小時內專業工程師就會抵達現場檢查並排除故障。目前 AISWEI 在台有與日益能源攜手合作，具備案場設計、建置、到最後維運的一條龍服務，可以解決電廠遇到的所有問題，不僅致力提高產品品質，也希望注重產品維運與服務等「軟實力」。
為了增強在臺灣、國際市場的供應品質，AISWEI 不斷開發優質供應商，鄧宇強指出，AISWEI 也有跟南良集團合作，深根越南、巴西等國際市場。另針對 AISWEI 的產品開發，採購中心更不斷擴充供應商清單，為供應打好堅實基礎。
在疫情爆發初期，公司採購中心研判後也在農曆春節前後，進行大量原材料備貨，成功避免因疫情不能開工所導致的缺料，開工後，也第一時間和所有海外供應商溝通，購買大量海外材料進一步補充倉庫。在疫情蔓延至全球的當下，也躲過機廠、工廠、通勤關閉的衝擊，最終配合生產部門完成所有出貨，鄧宇強表示，「目前為止，都還沒有因為疫情缺料而延遲交貨。」
展望未來，臺灣眼下正在進行能源轉型，更設立 2025 年 20GW 太陽能目標，其中地面型與屋頂型容量分別為 14GW 與 6GW，鄧宇強指出，未來也盼與臺灣當地企業共同合作，希望能夠帶給市場更棒的服務體驗。在臺灣的綠色轉型這條路上，AISWEI 將不缺席。
（圖片來源：科技新報攝）
"
勝任緝毒、搜救工作，狗的嗅覺為何如此靈敏？,"號稱「護國神犬」的檢疫犬憑藉極其敏銳的嗅覺，在機場、港口為國家把關，屢次揪出違法攜帶豬肉製品入境的旅客，及時阻擋一次又一次對國內養豬產業的潛在威脅。但為何小狗的鼻子為什會這麼靈敏呢？

嗅覺的產生
有氣味的物質通常具有揮發性化學分子，當這些分子與鼻腔內嗅覺細胞表面的「嗅覺接受器」（olfactory receptor）結合後，會觸發細胞內的訊息傳導，經由嗅覺神經將訊號傳至大腦而產生嗅覺。因為不同的嗅覺細胞會表現不同種類的嗅覺接受器（數百種），而特定的接受器會被幾種不同的氣味分子活化，同一種氣味分子又可活化數種不同的嗅覺接受器，不同的排列組合下人類能夠區辨約 3,000 種氣味。
小狗鼻子的獨特構造
而小狗因為鼻子構造特殊，更善於偵測氣味分子。首先狗的鼻孔構造各自獨立，這可以幫助牠快速判斷氣味的方向及位置；其次，狗的鼻腔組織會將約八分之一吸入的空氣引導到鼻子後方一個獨立區域，嗅覺細胞在此能更有效地捕捉氣味分子。
此外，狗的鼻腔內有大量皺褶，使得容納嗅覺細胞的表面積增加許多而可能包含高達 1~2 億個嗅覺細胞，為人類的 20~30 倍（註）。狗呼吸時呼出的空氣是經由鼻子兩側縫隙離開，因此吸入的氣味分子不會被排出，進而增強分辨氣味分子的效力，基於上述種種獨特之處，小狗的鼻子因此比人類靈敏了 10~100 萬倍。
嗅覺對小狗的重要性
「嗅球 」（Olfactory Bulb）是小狗大腦內處理嗅覺的神經組織，它的體積約占小狗腦部八分之一，而人腦內的嗅球僅占約三百分之一體積，人的大腦主要由視覺控制，但狗的大腦則由嗅覺控制。
小狗的嗅球除了處理氣味訊號而產生嗅覺外，還會將神經訊號傳輸至大腦處理情緒、記憶、行為以及意識思維等部位，因此氣味會以多重方式影響小狗的行為。據估計，處理嗅覺可能占據了小狗大腦工作量的三分之一，可見嗅覺對小狗必定十分重要。事實亦是如此，小狗主要根據嗅覺來辨識主人、辨別異性、認出自己的孩子、同伴與食物等，小狗的世界幾乎就是由各種氣味編織而成。
搜救犬代可的事蹟
小狗是人類最好的夥伴，除了他們忠誠的性格外，靈敏的嗅覺也功不可沒。每當震災、雪崩發生時，第一時間趕往現場的搜救隊若有搜救犬協助，尋獲生還者的機率必定大增。2016 年 4 月中旬，南美洲厄瓜多爾發生規模 7.8 的大地震，當時一隻 4 歲的拉不拉多搜救犬代可（Dayko）也加入救災隊伍，牠竭盡全力地在崩塌建築物殘骸中發現 7 名生還者。然而代可卻因當地天氣炎熱而脫水，最後心臟衰竭倒地殉職，令人不勝唏噓。
結語
除了災害搜救任務，小狗的嗅覺還能勝任緝毒、緝私等工作，甚至近來還有人訓練「嗅癌犬」，因為癌細胞代謝不正常會釋放出獨特的揮發性氣味分子，這能被嗅覺靈敏的小狗察覺。小狗敏銳的嗅覺還能為人類提供什麼意想不到的協助呢？且讓我們拭目以待。
（首圖來源：pixabay）
延伸閱讀：
"
"可嵌入手機，三星研發首個超薄互動全像顯示螢幕，即時生成 4K 影片","全像投影這項技術迄今已有 70 餘年的歷史。
早在 1947 年，英國匈牙利裔物理學家 Gábor Dénes 發明了全像投影術。基於這項成就，他獲得了 1967 年的英國物理學會楊氏獎和 1971 年諾貝爾物理學獎。
最近，被稱為是「顯示螢幕霸主」的三星在這一領域又有了新突破──提出了一款超薄互動式全像顯示螢幕，可以從多個角度提供高解析度的、真實度極高的 3D 影片，未來可以集成到行動裝置中，支援辦公或家用。
何為全像？
實現這一突破的科學研究團隊來自於三星先進技術研究所（SAIT）、三星先進技術研究所俄羅斯（SAIT-Russia）光學研究小組和首爾大學。
2020 年 11 月 10 日，其論文發表於《自然》子刊《自然通訊》，題為 Slim-panel holographic video display（超薄全像影片顯示面板）。
在了解這篇論文之前，何為全像是首先要了解的一個問題。
全像投影本質上是一種 3D 技術，其英文名稱是 Holographic Projection，其中 holo 來自於希臘語，意為「完全的影像」。
要傳遞「完全的影像」，需要兩步：
簡而言之，全像投影技術的原理可以理解為：利用 2 個物理現象，巧妙地將一個物體拍成一張照片，再把這張照片打造出立體感。
正因如此，全像投影又被稱為虛擬成像。
值得一提的是，當真實物體與全像圖像處於同一空間時，它們都可被感知，而且並無不同。
比如在下面這張照片中，一隻真實的人手拿著全像顯示螢幕，顯示螢幕上是一個精靈的形象。全像圖像和人手離拍下這張照片的相機的距離都是 0.3 米。

全像顯示器提供了自然的深度感知，觀眾更為關注的是精靈本身，而不是螢幕。
相比之下，如果是利用雙目視差和輻輳（注視近物時雙眼匯聚）的傳統立體 3D 圖像，觀眾可能無法同時清楚地看到精靈形象和人手，並且還會出現由調和─收斂衝突引起的視覺疲勞。
因此，全像顯示可以說是未來影片系統的重要組成部分。
其實，自 1947 年被發現以來，全像技術已然成為科幻片中的經典元素，人們對它的認知也一直是：可以再現最真實的 3D 圖像，且無視覺上的不適。
視角擴大 30 倍，4K 高解析度全像圖即時生成
1990 年，麻省理工學院媒體實驗室（MIT Media Lab）開發出了第一套全像影片系統。自此，將全像影片推向商業化，成為該領域的一大主要研究方向。
2018 年 5 月，美國相機巨頭公司 RED 推出世界上第一款商用全像投影智慧型手機 Hydrogen One。
當時雖然這款手機引起外界很大的關注，但當產品推出時，業界人士和媒體都表示，這款手機在全像投影上沒能給出一個令人滿意的用戶體驗。實際上直至今天，要實現「商業全像影片顯示器」依然存在瓶頸。
三星＆首爾大學團隊在論文中表示：
商業全像影片顯示器還未被批量引入，原因主要在於觀看角度較為狹窄、光學設備較為笨重、計算能力要求較高。
具體來講，要想打造一款適合商業化的行動全像影片顯示器，需要克服 3 個障礙：
基於上述問題，三星＆首爾大學團隊提出的超薄互動式全像顯示螢幕有 2 處特別設計：
一是由相干 BLU（C-BLU）和光束偏轉器（BD）組成的背景光轉向單元（steering-backlight unit），它一方面使得有效空間帶寬乘積（即視角）擴大了 30 倍，由此實現了有史以來最大視角的動態全像圖；另一方面，其繞射波導結構（diffractive waveguide architecture）保證了顯示螢幕最終的超薄設計，總厚度不超過 10 厘米。
下圖中 2 個藍色箭頭為擴大的可視範圍。

二是包含數據處理單位（DPU）、濾波器和縮放單元（FSU）以及 32 個快速反傅立葉變換處理器的全像影片處理器（holographic video processor），單片可即時計算生成 4K 高解析度全像圖。
最終，全像影片顯示螢幕的原型如下圖所示，下圖中的標註從上至下依序是：空間光調製器、幾何相位鏡頭、連貫的背光單元、光束偏轉器、全像影片處理器。
不僅如此，三星＆首爾大學團隊用到的系統匯流排（System Bus）是被廣泛用於智慧型手機應用處理器中的 AMBA AXI4，因此將全息影片處理器嵌入智慧型手機應用程式處理器，在未來也能實現了。
最後，讓我們一起感受這塊全像顯示螢幕投射的一個支援多角度觀看的 4K 海龜游泳動圖，海龜往哪個方向游，觀眾直接按鍵即可控制。
看上去似乎平凡無奇，但實際上由於畫面中所有物體的深度不同，全息物體的清晰度會隨相機焦點的變化而變化。
下圖為影片截圖，圖 a 的右上圖中，珊瑚比烏龜更清晰；而圖 b 的右上圖中，烏龜比珊瑚更清晰。
這和平時我們的相機是否對焦是同樣的道理，自然這也反映出了全像圖的獨特之處──可提供偵錯，最終圖像與真實物體並無差別。
至此，全像投影這一有著 70 餘年歷史的神奇技術有了重要突破，我們離手機上的全像投影不遠了。
（本文由 雷鋒網 授權轉載；首圖來源：Flickr/Kevin Gill CC BY 2.0）
"
國巨與成大創共研中心，開發高階被動元件材料,"被動元件大廠國巨與成功大學共同研發中心今天成立，包括國巨和旗下基美、普思、奇力新、同欣電與成大合作，開發高階被動元件材料技術以及新一代半導體封裝陶瓷基板。
國巨集團今天下午舉行與成功大學共同研發中心揭牌儀式，董事長陳泰銘表示，國巨集團與成功大學成立共同研發中心，結合科技部專案計畫，投入被動元件前瞻技術的研發，培育人才及產學合作，確保公司長期成長的營運動能，建立永續經營的實力。
他指出，國巨將持續善用台灣優勢包括研發技術、產業聚落和供應鏈，持續投資高階產品在高雄生產，增設研發中心，並結合集團內基美、普思、奇力新、同欣電、凱美等高階關鍵零組件技術，將高階技術發展根留高雄。
國巨指出，集團主要研發中心位於高雄，此次與成大成立共同研發中心，將配備先進的高解析穿透式電子顯微鏡及相關奈米陶瓷粉末的分析設備，強化在材料和產品技術的開發。
國巨至少投入新台幣 5,000 萬元在共研中心，加強與學術界合作，將採雙研究中心制，各設一個研究中心在國巨楠梓廠及成大校園，雙方共同開發前瞻技術，滿足新產品及技術開發需求。
此外共研中心將設立國巨學院，開設被動元件相關課程，長期共同培育人才，加入被動元件產業。
其中國巨和基美（KEMET）將和成大透過共研中心平台，攜手開發汽車和 5G 用的 MLCC 技術，普思（Pulse）與成大合作開發低溫共燒陶瓷（LTCC）設計和 60GHz 高頻量測技術，推出 5G 應用的毫米波天線及濾波器通訊元件。
奇力新將與成大合作開發新一代射頻元件及端電級材料，把新導電材料導入被動元件使用；同欣電將與成大合作開發活性金屬硬焊製程級材料自製化，布局高功率氮化鎵（GaN）及碳化矽（SiC）封裝用陶瓷基板，支援電動車電力系統。
（作者：鍾榮峰；首圖來源：shutterstock）
"
在都市也可以發展陸上風電？南韓新型垂直軸風電塔的新機會,"目前較常見的風機為水平軸風力發電機，這些遠看像電風扇的風機設備已經隨著時間，技術愈加成熟、裝置量也愈來愈高，不過其實另一種風機，垂直軸風力發電機（Vertical Axis Wind Turbine，VAWT）一直在南韓悄悄發展中。

水平軸與垂直軸這兩種風機技術的分野在於，垂直軸風機的轉軸與風向垂直，上色後或許遠看就像美髮旋轉燈，不需要對準風向即可運作，不用複雜的機械裝置和電動機來調整方向以及讓葉片變槳，對於地形與風向的要求沒有那麼高，不過就發電量來說還是水平軸風機高，大部分商業風場仍用水平軸風機為主。
只是垂直軸風機還是有其市場，南韓 Odin Energy 便看中垂直軸風機的靈活、模組化設計，研發出最多可達 12 層樓高的垂直軸風能塔，就如下圖，每一樓都裝有一台垂直軸風機，中央是隨風旋轉的風扇，外側則圍一圈引導並加速風進入的導風罩。

團隊認為，與一般的垂直軸風機相比，新型設計大幅提高單位面積發電量，除了增加發電容量，也因為樓層愈高風速愈大，整棟的發電量也是過去的 4 倍，在平均風速增加 16.5% 的情況下，功率效率（power efficiency）也提高 62%。
Odin Energy 創辦人兼副總裁 Soo Yun Song 表示，目前公司正在討論如何在南韓打造垂直軸風能塔。Odin Energy 預估，這類塔樓的成本約 140 萬美元，平均能源成本（LCOE）為每 MWh 90 美元。
風能塔設計新穎，可以裝置在都市、人口稠密的地方，只是在商業化之前還得面對許多挑戰，若以成本來說，Odin Energy 還是比陸上風電與太陽能還要貴，根據市場調研機構 Lazard 10 月的最新研究，陸上風電的 LCOE 每 MWh 落在 26 美元到 54 之間。
Wood Mackenzie 拉丁美洲和南歐資深分析師 Brian Gaylord 也指出，如今市場上已經習慣使用水平軸三葉式風機，發展頗為受限，目前風機主要由三葉式葉片、上風式、齒輪傳動組成，這已經是風電最具成本競爭力的模式。
Gaylord 表示，其實南韓已經出許多垂直軸風機技術，但至今還沒有一個特別受到矚目。


（首圖來源：Odin Energy）
"
太陽能火災防護必知重點，「快速關斷」迅速降壓重要性不可言喻,"商用屋頂裝設太陽能系統不僅可以減少電費支出，還能為環保盡一份心力，但也要小心謹慎看待。縱使太陽能光電火災不常發生，且其中太陽能系統為起火因素的狀況更少之又少，可最小的風險也有可能造成重大損失，因此提升太陽能系統安全性對太陽能普及與裝置量至關重要。
根據英國建築研究院（Building Research Establishment，BRE）先前研究，太陽能系統起火風險為八萬分之一，已低於其他電器設備，只是仍不可輕忽。台北市消防工程器材商業同業公會首席顧問高賢松就表示，太陽能板失火主要分為外部與內部原因，外部包括天災砂石、物品撞擊、雷擊、鳥擊與老鼠；內部原因則是面板材質、線路、接頭、逆變器等電器因素。
其中在電器起火意外中，除了機台在安裝過程中人為失誤，另一個非常見但卻值得注意的問題為「電弧產生」。不管是 2014 年台灣自來水園區太陽能板起火、還是 2019 年日本千葉縣水面型太陽能因風災失火，都是因此而起，對輸電系統、配電系統以及電子設備造成損害。一旦出現火光、氧氣、高壓電，就會有起火燃燒的風險。
偏偏電弧故障並不是那麼容易察覺，可能發生在電線、DC 盤或是連接器等隱密位置，台灣法規中，也沒有強制要求裝置電弧故障啟斷裝置。再加上太陽能板又是高壓直流輸出系統，一般直流電壓輸出為 600 伏特到 1,500 伏特，若太陽能板意外起火、或是室內失火，縱使台電緊急關閉交流端電源，模組只要有光就可以發電，太陽能板到逆變器的直流端仍會存在高壓電。
因此根據台灣的消防機關搶救太陽能設備的火災指導原則，當太陽能電廠發生火災時，消防人員不可貿然進行射水灑粉或是入室搶救，以免有觸電風險，在此種情形下，只能等待太陽能模組燃燒完畢，以保護消防人員安全，但會錯失最佳滅火時機，也可能會波及工廠的物質財產。就以今年 3 月 7 日彰化塑膠廠的夜火案例來說，雖然起火點位於廠房內、事發時間也在凌晨，但為了打火兄弟安全著想，也是等多數太陽能板燒熔之後才進行全力搶救。
現在已有不少國家訂定相關規定，其中又以「快速關斷」為重點，太陽能系統安全規範領導者美國國家電工法規（NEC）NEC 2017 規定中，要求屋頂型系統應配有快速關斷功能，降低太陽能組串的觸電風險，得在 30 秒內將太陽能板 30.5 公分外的電壓降到 30 伏或更低，以便安裝人員、維修人員和消防員能在關斷後快速處理系統。
目前台灣也有意朝此方向邁步，其中消防署也建議經濟部能源局修改「用戶用電設備裝置規則」，強制要求裝設電弧故障啟斷裝置，並在太陽能案場設置明顯的太陽能設備告示牌等。
尤其未來當用電大戶法規上路之後，對於選擇要創能、安裝太陽能系統的企業來說，安全性為重要考量。以色列太陽能公司 SolarEdge 資深技術市場行銷經理蘇益立博士就表示，用電大戶大廠房用電量高，通常廠房內部的財產價值遠高於太陽能板，多是憂心出現失火意外，消防人員無法進行搶救，造成巨大的財物損失。因此，即使太陽能系統普遍安全性與可靠度高，但仍要採取各種防護措施，再加上，太陽能系統的技術創新有時會讓安全性超過產業安全法規。
雖解決這些安全性問題在前期成本投入上有點昂貴且技術層面困難，但目前是有解決方案直接內建安全性功能，可大幅提高安全度與效能。SolarEdge 解決方案內建太陽能電廠電弧保護機制與 SafeDCTM 電壓自動關斷功能，整合逆變器、優化器、儲能解決方案以及雲端管理介面。透過優化器精密運算，可解決遮蔭、髒污、模組老化程度不一等發電損失，自動優化每片模組的發電量。除了提升模組管理，還提供太陽能電廠電弧保護機制與 SafeDCTM 電壓自動關斷功能，前者可自動檢測電線、連接器或零件等電弧故障，將火災風險降至最低；SafeDCTM 自動關斷功能則是一旦檢測到逆變器與電網關閉、線頭脫落或漏電，可快速自動關斷電流輸出，每片模組輸出電壓也會自動調降至 1 伏特人體安全電壓範圍，維修人員可以安全地進行檢查與更換。若是出現屋內、附近起火意外，消防人員便能進行灑水搶救而不用擔心感電風險，因此不管是在預防火災還是保護消防人員，都可以一機搞定不需要再額外購買新方案。
太陽能系統可為人們帶來乾淨又便宜的綠電，已被視為綠能顯學，除了能降低電費負擔，將來也能透過回輸台電來賺錢，而隨著太陽能在用電系統的重要性與日俱增，以及嚴格與謹慎的新標準，陸續將會有愈來愈多滿足安全要求的創新解決方案登場，持續驅動太陽能產業前行。
（圖片來源：科技新報攝）
"
"字節跳動小遊戲與 Unity 達成合作","11 月 10 日，Unity 官方宣布即時遊戲技術方案（Instant Game）已與字節跳動小遊戲正式合作，並將多款行動遊戲轉為小遊戲供玩家體驗。同時 Unity 也對遊戲開發者發出召集令，目的是為了將更多由 Unity 引擎開發的手遊轉換為字節小遊戲。
官方還放了一張體驗《球球大作戰》的動圖，玩家可像點開 H5 小遊戲，無需下載安裝便能玩遊戲。

之前字節跳動在抖音 App 測試雲端遊戲，包含《貪食蛇》、《靈貓傳》等。前段時間，字節跳動上線自家行動遊戲平台「蛋卷遊戲」，涵蓋字節跳動大部分休閒遊戲和其他廠商的小眾遊戲。或許此次字節與 Unity 的合作，也是為了豐富自家平台的產品陣容。
（本文由 遊戲葡萄 授權轉載；首圖來源：字節跳動）
"
成本低於風力發電，北歐太陽能投資力道增,"雖然低調，但是進度早已超前。北歐再生能源發展迅速，尤其瑞典、挪威等國綠能發電占比早已過半，而最近因為技術與裝置成本下降，又湧入一批太陽能投資。

說道太陽能，通常一開始並不會想到北歐，畢竟北歐緯度高天氣冷，有些地方又有永晝與永夜的自然景觀，依靠日照來發電的太陽能自然不會是首選，而確實，北歐的水力發電、風力發電與地熱為主要的綠能發電來源。
那麼為什麼會轉向太陽能呢？由於近十年來太陽能價格不斷下降，挪威分析機構 StormGeo Nena Analysis 表示，比起風力發電，未來投資人與公用事業電力公司將會更傾向投入太陽能領域，到了 2027 年，公用事業規模太陽能的價格將會低於陸上風電與離岸風電。
StormGeo Nena Analysis 表示，北歐的發電量也會持續攀升，未來 25 年的交通電氣化、工廠建置，電力需求有望增加 35%。不過目前來看，北歐電力還是供過於求，超過 10%，未來十年間還是會向西歐出口電力，COVID-19 也讓部分歐洲企業倒閉，電力需求與電價下降，今年這份再生能源收入將會減少。
隨著不同區域、國家之間的聯網（Interconnector）愈加普遍、鄰國的電力需求提高，使得風能與太陽能的投資水漲船高，這會是長期趨勢。丹麥可再生能源公司歐洲能源將在丹麥南部建造一座 300 MW 太陽能電廠，為北歐最大的太陽能發電場。
預計太陽能農場將建在計畫中的資料中心附近，以及日德蘭半島南部阿本羅市主要區域變電站附近，耗資 10 億丹麥克朗（約 1.59 億美元）電廠將在 2021 年初動工，年底前營運。
丹麥鄰國瑞典也將會出現北歐最大的屋頂太陽能電場，瑞典物流物業公司 Logicenters 的屋頂太陽能容量高達 5MW，多餘的電力也會注入電網，並以低於當前市場價格的價格出售。Logicenters 表示，目前瑞典中部地區的電價比北部高 40％，公司也明白達爾河以南的發電設施較少、又缺乏電網傳輸，因此未來在夏季期間，瑞典中部和南部的屋頂和都將使用太陽能，滿足電力需求。
瑞典太陽能技術 Midsummer 最近也獲有史以來最大筆訂單，未來瑞典弗倫市某工業廠房 1,700 平方公尺的屋頂將會覆蓋 800 片 Midsummer BOLD 太陽能板，裝置量達 157.8KW。
（首圖來源：Flickr/SteFou! CC BY 2.0）
"
拜登當選美總統，圍堵華為中芯策略將持續,"美國總統大選民主黨候選人拜登勝出，各界高度關注美國對中國華為和中芯國際禁令是否產生變化。整體觀察，美中對抗已成定局，美對華為和中芯圍堵策略將持續，但制裁規模和台廠轉單效應是觀察重點。
投顧法人指出，民主黨、共和黨對中國立場均轉趨強硬，拜登也主張 3,000 億美元投資美國國內供應鏈、醫療用品與 5G、人工智慧、電動車等高科技產業，降低海外供應鏈依賴，達到供應鏈重組目標。
在對中國關係上，投顧法人表示，美中兩強對抗格局不變，美國聯合盟友對中國施壓仍是未來趨勢，這代表圍堵華為策略將持續。不過拜登反對提高關稅政策，並不贊成對中國「全面脫鉤」，預期縮減制裁、降低關稅可能是未來美中貿易談判方向。
不過外資法人分析，拜登在外交上採取多邊策略，將減輕對中國敵對的狀態；另一家投顧法人預期，拜登當選後，對中國華為和中芯國際的禁令力道可能會減緩。
中國法人報告也指出，拜登主張消除貿易壁壘，之前也宣布要取消對中國提高關稅的立場，有望帶動貿易戰下影響較大的機械、電子、通訊、化工和金屬等產業復甦。
如果美國對制裁中國晶片製造商中芯國際策略有變，法人表示，包括台廠台積電、聯電、華邦電、世界先進、力積電、旺宏等轉單效應有待觀察。
另一方面，如果美對華為禁令鬆綁，法人預期台廠包括大立光、聯發科、立積、聯詠、穩懋、日月光投控、精測、京元電、晶技等可望受惠。
不過美國在高科技產業貿易的嚴重逆差，仍是拜登無法忽視的現實。台大經濟系名譽教授陳添枝指出，美國在高科技領域貿易呈現逆差狀態，主要項目是資通訊、光電、生技、生命科學（醫藥、醫材、保健食品）產品，逆差來源包括中國、歐盟、墨西哥、馬來西亞、台灣、泰國、韓國、日本等，而中國占一半以上逆差額。
他表示，資通訊、光電產品由中國轉向台灣、墨西哥、馬來西亞、泰國、韓國和日本等地生產，美國正設法將生命科學產從中國移出、回到美國生產。
陳添枝指出，美中高科技產品的貿易逆差一年約 1,000 億美元，未來將持續減少，相關產線陸續撤出中國，這些產品供應鏈的脫鉤，是美國的戰略目標。
（作者：鍾榮峰；首圖來源：shutterstock）
"
"數位轉型與新常態生活推升需求，樂觀估 2021 年伺服器出貨成長近 7%","根據 TrendForce 旗下半導體研究處調查，自 2020 年初受疫情影響導致工作典範的加速轉移，加上生活型態大幅改變，除了智慧型終端裝置的普及間接帶動雲端需求外，企業數位轉型更加速雲端服務的滲透率，加上數位經濟如社群媒體互動與網路消費模式的黏著度提升，使雲端供應商得以匯聚大量消費者數據，發展出更多元的商業模式。因此第 4 季超大規模資料中心的伺服器需求占比攀升至近 4 成，整體數量是 2012 至 2014 年的 3 倍。
展望 2021 年，受惠於 Intel 10nm Ice Lake 與 AMD 7nm Milan 雙平台導入市場，可能再度刺激企業客戶端伺服器的換機潮與資料中心的基礎建設。再者，市場普遍認為明年因疫情所產生的新常態，仍會持續帶動雲端需求。加上因國際局勢緊張而導致地緣政治的不確定性，因應地理範疇不一使得小型規模資料中心需求浮現。以整機（L10）出貨來看，預估明年伺服器整機出貨年成長約 6~7%；主要出貨動能仍集中於北美資料中心（ODM-Direct），年增約 16~18%。
全球疫情仍存變數  明年伺服器品牌廠出貨比重仍有下修可能
然而，基於市場與疫情變化難以預測，TrendForce 分析師劉家豪同步分析兩種假設情況。
：若疫情於明年上半年受到有效控制，2021 年伺服器整機出貨年成長可達 5~6%；數位轉型驅動力（工作典範與生活常態的轉移）將會支撐北美資料中心動能回歸正常狀態，年增約 12%，約莫與 2020 年持平。
：若今年底到明年初全球疫情轉為嚴峻，全球總體經濟將持續受到嚴重衝擊，進而大幅影響企業投資意願，預估 2021 年伺服器整機出貨年成長將低於 4%，且北美資料中心的拉貨動能也會受到影響，僅年增 1 成。
整體而言，全球總體經濟表現仍存變數，且當前疫情所衍生的遠距辦公與教學已然成為新常態。不論經濟如何變化，TrendForce 針對 2021 年 ODM-Direct 伺服器需求皆有雙位數成長之預期，且整體伺服器需求將持續以正成長態勢發展。

（首圖來源：pixabay）
"
"旅遊泡泡掀搶票熱！星馬機票價格噴，網路搜尋飆 300%","香港和新加坡 11 日宣布，將實施亞洲首見的「旅遊泡泡」，兩地民眾可以在免隔離的情況下出遊。眾人被悶壞了，瘋搶機票、網路上也掀起相關的搜尋熱。外界期望，未來旅遊泡泡能夠更廣泛實施。

路透社、南華早報報導，星馬旅遊泡泡本月 22 日啟動，首航航班有些在 11 日宣布當天就被搶購一空。攜程旅行網數據顯示，旅遊泡泡細節剛公布的 3 小時內，香港飛往新加坡航班的網路搜尋飆升 300%，新加坡飯店的網路搜尋也飆高 200%。
旅遊數據商 ForwardKeys 主管 Jameson Wong 說，想要旅遊的人應該渾身發抖，迫不及待想購票出遊，聖誕節時公司休假，更是訂票旺季。
Daiwa 分析師 Kelvin Lau 報告指出，上個月旅遊泡泡消息曝光後，來往星馬的機票價格已經大漲 1,000 港幣（約新台幣 3,725 元）。不只如此，12 日航空業者的官網顯示，下個月從新加坡飛往香港的單程機票，價格升至 618 星幣~1,028 星幣（約新台幣 13,268~22,071 元）之間。
旅遊泡泡消息一公布，新加坡金融科技業員工 Jason Huan 立刻砸下 1,100 星幣（約新台幣 23,616 元）購買新加坡航空的豪華經濟艙機票。他說，很想逃離到新環境去，上次出國旅遊是在 9 個月前，非常渴望出門觀光。
初期需搭專屬航班，每班限 200 人
CNBC、南華早報先前報導，星馬的「旅遊泡泡」上路後，屆時搭乘專屬航班的旅客，無需隔離，就可入境旅遊。依據新規定，兩地旅客不必隔離，但是必須接受武漢肺炎（新冠肺炎，COVID-19）檢測，結果需呈陰性。初期旅遊泡泡的專屬航班只有一班，每班人數上限 200 人。如果兩地疫情未見惡化，12 月 7 日起專屬航班將增至兩班。
需要注意的是，專屬航班僅允許來往新加坡和香港的旅客搭乘，不包含轉機乘客，而且遊客在出境前 14 天，不能到過香港或新加坡以外的國家或地區。此外，旅客必須遵守當地的防疫規定，如下載追蹤接觸軟體等，並配戴口罩。如果遊客染疫，醫藥費用自理。
（本文由 MoneyDJ新聞 授權轉載；首圖來源：Terence Ong, CC BY-SA 3.0, via Wikimedia Commons）
延伸閱讀：
"
東芝宣布停建燃煤發電廠，因應減碳趨勢擴大再生能源布局,"在減碳潮流下，未來燃煤發電的前景式微，日本大型電機製造商東芝公司（Toshiba）已宣布未來將不會再建造新的燃煤發電廠，停止接單，並擴大在再生能源的布局。

東芝是全球重要機電廠商，台中中火兩座機組也是來自東芝，目前東芝在全球則有 10 座正在進行的電廠計畫，東芝公司總裁車谷暢昭（Nobuaki Kurumatani）表示，「我們將停止接受建造新燃煤電廠的訂單，並力爭到 2030 年將溫室氣體排放量減少 50％」。
車谷表示，公司將增加再生能源的投資，包括離岸風電和太陽能基礎設施以及研發新一代技術。目前燃煤電廠需求一直在下降，因此東芝規劃在未來十年內將再生能源領銷售額提高 3 倍以上。
東芝 2018-19 財年的再生能源收入約 1,900 億日圓，預計會在 2024-25 年增加到 3,500 億日圓，最後在 2029-30 年度將大幅攀升到 6,500 億日圓，投資額也上看 1,600 億日圓。
雖然目前日本現在約有 140 座燃煤電廠，並提供日本近三分之一電力、滿足 38% 能源需求，是繼天然氣之後日本第二大供電主力，且在 2011 年福島核災後，日本對燃煤發電的依賴度也有所提高，但在東芝宣布新目標前，日本首相菅義偉（Hoshihide Huga）就已經表示，2050 年是日本這個世界第三大經濟體達成碳中和的最後期限 ，盼落實日本因應對氣候變遷所做出的承諾。
日本政府目標是在 2030 年將再生能源發電占比增加到四分之一，相對應的化石燃料則降為五成。日本政府發言人加藤勝信（Katsunobu Kato）則表示，如今實現碳中和已經有利經濟和環境，不再會束縛企業成長，反而是競爭的源泉。
而日本三菱重工、德國西門子和美國奇異公司也有做出類似的承諾，表示將減少或是退出燃煤電廠布局。
（首圖來源：pixabay）
"
波士頓動力將出售，天價網紅因不夠商業化再次被嫌棄,"近日外媒報導，軟銀集團正就出售波士頓動力（Boston Dynamics）與南韓汽車製造商現代汽車談判。
交易擬議條款將給予現代對波士頓動力的控制權，這筆交易估值最高可達 10 億美元，但條款還未敲定，交易仍有破局可能。交易一旦達成，將使現代汽車成為 7 年來波士頓動力公司的第三任老闆。
外媒表示，波士頓動力營運模式更像研究機構不是企業，因生產技術先進，但都是「無利可圖」的產品。
當初 Google 出售波士頓動力時，就曾表示：「這種規模的新創企業（指波士頓動力）無法耗費高於 30% 的資源投入需 10 年才能成功的事，必須幾年內就開始有收入應付支出。但波士頓動力對商業價值這件事並不關心。」
現代汽車信件表示「正在不斷探索各種投資與合作的機會」，波士頓動力回覆「我們的工作能持續激發合作夥伴的興趣，讓他們與公司建立更深入的商業合作關係」。
1992 年取得麻省理工博士學位、創立卡內基美隆大學 CMU Leg 實驗室的馬克·雷波特（Marc Raibert）創辦了波士頓動力。
Atlas 最初由美國國防部國防高等研究計劃署（DARPA）資助監督，由波士頓動力開發，波士頓動力許多機器人項目最初都是基於一定軍用背景，設計之初主要考慮軍用目的，技術標準和成本都以軍用為目標。
應美國軍方要求，波士頓動力 2005 年推出形似狗的四足機器人「大狗」（BigDog），幫助美軍背負裝備、物資運輸等，尤其適用地形崎嶇的地方。
2013 年 7 月 11 日第一代 Atlas 首次亮相，由航太級鋁和鈦建造，身高約 1.8 公尺，重達 150 公斤，使用藍光 LED 照明，需要外接電源。
2013 年 Google 母公司 Alphabet 收購波士頓動力，明確表示不希望參與國防工作，終止波士頓動力的軍事合約。這場收購使 Google 業務範圍成功涉足真正的機器人產品。
2017 年，波士頓動力被 Google 賣給日本軟銀集團，轉賣原因有人認為波士頓動力連年虧損，也有人認為短期商業化前景有限。
直至 2019 年 7 月，波士頓動力因尚未開發出可銷售的機器人被詬病。之後 9 月，Spot 機器狗終於走上商業化道路。
雖然新冠肺炎疫情影響波士頓動力生產機器人的進度，但真正讓波士頓動力開啟思路的，也是新冠肺炎疫情。
自 2020 年 4 月，波士頓動力開始抓住機會，尋求更多商用可能，如透過 Spot 幫助醫院遠端分類患者；開源醫療機器人工具包；為 Spot 配備 iPad 和雙向收音，用於視訊會議雙向收音等。
（本文由 雷鋒網 授權轉載；首圖來源：波士頓動力）
延伸閱讀：
"
無人機真如此威猛？淺談雙亞戰爭中遊蕩彈藥的應用,"自今年 9 月開打的雙亞戰爭（Nagorny-Karabakh War）相當引人注目，尤其是無人機在戰場上的運用不斷受到吹捧，不過事實上，真的有那麼厲害嗎？此戰對於現代戰爭又帶來了怎樣的啟示。

事實上，在這場戰爭並未真的出現無人機的大規模運用，如許多軍事專家朗朗上口的蜂群戰術並未出現，真正在戰場上取得的戰果其實還是有限，無人機的威名更多是亞塞拜然刻意的宣傳以削弱敵軍士氣。但也不代表，不需要重視戰場上的無人機，就如前述亞美尼亞遇到少數的無人機就幾乎沒有還手之力，若是大國對陣，對於野戰防空可說是非常大的挑戰。
無人機種類多
雖然亞塞拜然是靠土耳其等才支撐起運用無人機的戰術能量，但依現有資料，其至少擁有 8 種類型，預估有超過 200 多架，在區域戰爭中已不是可忽視的規模。目前依主要分類，第一級輕型無人機重量小於 150 公斤，而第二級為中型無人機，重量介於 150~600 公斤之間，更大型的就屬於第三級重型無人機。
"
"特斯拉 RNA 疫苗列印機，馬斯克：第 3 代已在研發","疫情肆虐全球，馬斯克（Elon Musk） 旗下公司特斯拉（Tesla）於今年 7 月與疫苗公司 CureVac 合作，最近馬斯克在 Twitter 表示，特斯拉研發的疫苗列印機，即 RNA 疫苗列印機（RNA Bioreactor），第三版列印技術正在研發，CureVac 正在使用第二版列印技術，馬斯克表示相信此研發對全球至關重要。
特斯拉官網指出，mRNA 疫苗比傳統疫苗更容易製造和大規模生產，特斯拉研發的 RNA 列印機（RNA Bioreactor）技術能有助 CureVac 生產對抗武漢肺炎病毒的疫苗。合成 mRNA 疫苗不能形成完整病毒，但可以觸發人體免疫系統。馬斯克 7 月時在 Twitter 表示，合成 RNA 和 DNA 技術有潛力，能將解決多種疾病相關問題轉為軟體問題，特斯拉會為 CureVac 建造微型工廠。
Tesla makes the RNA Bioreactor that can make vaccines / cures. CureVac has version 2 in use. Version 3 is under development.
— Elon Musk (@elonmusk) November 9, 2020

近日馬斯克又在 Twitter 證實，第二版 RNA 疫苗列印機現正由 CureVac 使用，第三版列印技術也在研發，相信此產品對世界很重要，對特斯拉收入方面並不重要。有網友讚賞，也有網友表示希望測試疫苗。
（本文由 Unwire HK 授權轉載；首圖來源：Flickr/Steve Jurvetson CC BY 2.0）
"
"當一個潛銷案，3 名投資客用現金買走 400 戶……揭開陰影下的房市派對","10 月中，高雄「愛情河左岸」銷售團隊，應邀北上舉辦 2 場說明會，對象是過去專門在投資法拍屋的團客，由於該案是 20 年來第一棟愛河首排宅，主打輕鬆優付、總價不到 700 萬元入住愛河，「人都還沒下高雄看房，就掃掉 50 戶！」因為熱銷，調價在即，這群粉絲又緊急請業者加辦說明會，深怕慢了就會買不到。
上述市場動態不是單一傳聞，不久前興富發在台中 7 期推出潛銷案，也傳聞建照尚未取得，就有 3 位投資客捧著現金訂走 400 多戶，而漏夜排隊的其他團購客當場拍桌大罵買不到；464 戶瞬間完銷，出現紅單轉賣疑慮。
房市熱到亂象頻傳，打房之說甚囂塵上。內政部 10 月底更祭出史上頭一遭，跨縣市同步就桃園市、新竹縣市、台中市、台南市、高雄市 6 縣市，針對 23 個建案做聯合大稽查。不動產開發公會全國聯合會理事長楊玉全，也忍不住站出來喊話：「建商不要踩紅線，不要隨紅單起舞！」


一切亂象的起源就在於「房市真的太熱了，而且來得又急又快」，一位代銷業者表示，今年疫情剛起，大家不敢出門賞屋，案場門可羅雀，甚至有「消失的 329 檔期」之說，卻在 5 月情勢逆轉。北中南不時傳出個案熱銷，出現連廣告都沒打、甫推案就完銷的個案。
現況 1：廣告還沒打，推案就完銷
台中更是交易火熱，根據「591」新建案統計，台中今年前 9 月有 30 個完銷案，沒買到的民眾上網抱怨連連。
台南受到護國神山台積電的加持，熱度更不在話下。根據當地房仲表示，南科周邊的善化房市交易熱，不只有護理師、公務人員赴當地投資兩房產品，也有人想去掃善化店面；達麗建設在台南高鐵站「國家強棒」總戶數 583 戶，早鳥戶 182 戶已經預訂一空，由於賣太好，目前已經封盤不賣；據聞連當地議員、立委、警界高層等都來拜託預約登記。
高雄近日最轟動的建案，莫過於中鋼旗下中欣開發在橋頭新市鎮推出的「欣橋之心」，總戶數 342 戶，原訂 11 月公開提早到 10 月中開賣，結果 3 天半就賣光光。一位專營南部的土地開發業者說：「台南高鐵站旁邊 1 坪才賣 19 萬元，橋頭重劃區還一片荒煙蔓草就要賣 21 萬元，是不是太超過？」


現況 2：紅單太搶手，建商也惜售
一位不願具名的南部建商指出，南部的推案除了在地客，甚至有台北客專門坐遊覽車南下團購，一個人帶 5 個人來買，單一個案有 5 成投資客都不誇張，「預售賣太快，我還沒收到錢，客戶馬上紅單轉手賺一兩萬元，我都沒賺到，全被投資客賺走！」所以目前的案子都會先封盤不賣，等動工後再慢慢銷售。
這一波資金派對引發的房市熱潮，看國內不動產代銷龍頭海悅的業績一清二楚，直至 10 月熱度仍在上升，海悅公告今年 10 月合併營收 3.8 億元，再創單月新高，累計前 10 月合併營收 26.88 億元，年增率高達 162%。
華友聯副總經理吳家德說：「案場比夜市熱鬧，這是百年來沒看過的景氣，我做地產這麼多年最恐怖的一次！」量能推升價格，房價真的漲了。關鍵房價出現在今年第 3 季，就中古屋指標的「信義房價指數」和新建案指標的「國泰房價指數」，全國房價雙雙衝破 2014 年的高點。

成因 1：8 大資金潮，掀起新高價
回顧台灣近 30 年房價上揚軌跡，在 1990 年左右軟著陸下跌，盤整到 2003 年 SARS 過後開始起漲，到了 2008 年金融海嘯短暫修正；接著全球貨幣量化寬鬆，2009 年台灣遺贈稅從 50% 降至 10%，資金大舉回台。
2011~2012 年有奢侈稅、豪宅稅上路、央行豪宅限貸令、人壽保險限購、實價登錄上路；到 2014 年房價來到最高點，政府開始打房，包含啟動囤房稅、研擬房地合一稅，房價開始鬆動，一路下修。2018 年起全台房價陸續止跌；2019 年貿易戰資金回流，到了今年台灣防疫能見度變高，房價超越 2014 年前高。
國泰房地產指數計畫主持人之一、景文科大財金系副教授章定煊表示，房價上漲早已是不爭的事實，現在感覺不是非常強烈，在於過去有許多餘屋和中古屋在去化，等到近日都去化完畢時，價格就會大幅上揚。
遠雄集團旗下遠雄房地產總經理張麗蓉表示，今年房市有 8 大資金潮，支撐房地產的熱況，一類是等待房價下跌遞延的剛性買盤，另一類是投資型買盤出籠，接續為因超低利率趕出的定存資金、股市獲利資金、台商回流投資台灣資金，以及海外熱錢、港人、壽險等。不動產代銷公會全聯會理事謝坤成直言：「8 大資金潮同時啟動，是千載難逢的機會。」

大體而言，資金主要仍是首購、換屋的剛性需求，以及投資型買盤的兩大勢力。海悅廣告董事長黃希文用一句話形容剛性需求買盤：「買比租划算。」他說，周邊的朋友買房會互相感染，首購族就一直出籠。吳家德說，對投資客而言，100 萬元定存利率 0.7%，利息才 7,000 元，少得可憐，與其投資股市或債券可能一夕之間歸零，不如投資房地產，不只保值，說不定還能增值。
不過，值得注意的是，經過 6 年來的房市下修、房地合一稅的洗禮下，這波房市買氣和過去不同，不論是產品屬性或是買房心態都出現結構性的改變。
成因 2：解讀 4 徵兆，買賣方都變了
《住展》雜誌研發長何世昌表示，為了讓首購也買得起，北中南建商都朝兩房起的小宅規畫；而豪宅建商也不例外，例如台北市中山區的「東騰界」最小坪數僅 11 坪，最大坪數也不過 31 坪左右，主打 1,000 多萬元入主台北市中山北路；還有位於板橋江翠北側重劃區的華固建設「華固月河」，最小坪數為 26 坪。
規畫台北市社子 20~38 坪「萌萌 i-TIIDA」、主打高 CP 值小宅的建築師劉致錚說，小宅化符合現代人生活形態，不婚不生，又多是外食族，就可省下小孩房、廚房餐廳等空間，換取住在精華地段的便利性。劉致錚觀察，台灣會朝向日本都心的小宅化發展。


何世昌說，近乎零利率的環境下，投資客和置產客再度出籠，與過去投資客不同的是，受制於房地合一稅，持有不到 1 年出售，要課 45% 的最高稅率；超過 1 年，未逾 2 年課 35%；超過 2 年、未逾 10 年課 20%；持有超過 10 年則課 15%。新的投資客是抱持長期抗戰的心理準備，租金報酬率只要比銀行定存利率高，房地產就是好的投資標的。
腦筋動得快的業者，看準房產邁入長期投資的趨勢，開始出現帶著投資人買屋、包租代管、2 年出售、試算節稅的一條龍仲介服務，主打量身訂製買屋投資方案、用超貸來零元購屋，協助出租多年，增值轉手幫客戶存退休金。
台灣房屋智庫發言人張旭嵐表示，2014 年以前的上一波房市買氣由豪宅領頭，這次卻不同，可以看到 6 都的豪宅，不管價格和交易量大都未創新高。以台北市來說，當年 1 坪 300 萬元號稱「彭淮南防線」，而近兩年的豪宅王是西華富邦，成交單價是 264 萬元，距離這道防線有一大段距離。
傳真廣告協理陳斯昭分析，以台北市為例，有實力的買家多半購買 5,000 萬到 7,000 萬元的產品，第 1 是避免豪宅稅與貸款的限制；第 2，過去動輒百坪以上豪宅，後來轉手不易，且單價不易衝高，如以一套資金，寧願選擇 2 戶或 3 戶的購買方式，進可攻退可守。
章定煊指出，就國泰房地產指數第一線的調查來說，全國各區域早就突破歷史高點，尤其是台南比歷史高點高了將近 50%，台中、新竹也比歷史高點高出 25%，就連高雄也有 17%，新竹以南的漲勢確立。
警訊：推案完工後，供給恐過剩
內政部次長花敬群認為，此次中南部上漲的背後是建設到位、產業移入支撐，人口南遷，交通環境都在改善，房價屬於合理反映；反觀雙北就沒有上漲題材，再加上脫北者愈來愈多，過去都會區的高房價有泡沫疑慮，根本不具備上漲條件。


在記者詢問過一輪專家和業者後，總結歸納多數人的看法是：房市至少到明年底都是呈現樂觀氛圍。
拙石建設董事長特助蔡錦勳則提醒，房價的確已經落底，現在自住客可以進場比較價格挑好屋，而這一波房市熱況的推案，於 2、3 年後完工時，要慎防供給大於需求的情況。
面對此一房市紛擾，花敬群指出：「政府不會打房！」政府可以接受房價在合理範圍內緩漲，但不能急漲，也不能容忍炒作，會想方設法遏止紅單銷售，也會懲罰刻意炒作的人，甚至考慮研擬規畫個案式的選擇性信用貸款、不能以企業名義買房，以及具備不動產分析師證照才能分析行情市況等，力阻市場歪風，讓房市朝向健康穩健的發展。
（本文由 財訊 授權轉載）
延伸閱讀：
"
"繼瑞德西韋之後，FDA 再緊急授權新冠肺炎藥物","據外媒報導，美國食品藥品管理局（FDA ）於當地時間 11 月 9 日批准美國禮來公司研發的新冠中和抗體 bamlanivimab（LY-CoV555）緊急使用授權，用於治療新冠肺炎（武漢肺炎、COVID-19）輕中症感染者。
FDA 稱，藥物適用 12 歲以上輕中症新冠患者，這些患者體重至少要達 40 公斤，且新冠肺炎病毒感染有發展為嚴重或住院的高風險趨勢，包括年齡 65 歲以上或某些慢性病患者，但不適用新冠肺炎住院患者。
FDA 緊急使用授權書指出，藥物應在新冠肺炎檢測呈陽性或出現症狀後 10 天內盡早使用。bamlanivimab 是種單克隆抗體藥物，有助於防止病毒附著進入細胞並複製。
據統計，自今年初新冠肺炎疫情全球爆發，FDA 先後批准瑞德西韋、氫氧奎寧／烴氧奎寧等藥物緊急使用授權。10 月 22 日，瑞德西韋（Remdesivir）更獲批成為美國境內首個治療新冠肺炎疫情的藥物。
近年 FDA 審批特點之一就是強調不同疾病藥物批准，但 2020 年新冠肺炎藥物成為全新焦點。
早在 3 月 24 日，FDA 就發消息稱，授予美國 Gilead Sciences 生產的瑞德西韋孤兒藥（又稱為罕見病藥，用於預防、治療、診斷罕見病的藥品）認證，適應症為新型冠狀病毒肺炎（COVID-19）。
但當時瑞德西韋還在全球各地做臨床試驗，並未取得上市批准。
5 月 FDA 批准緊急使用許可，允許醫院和醫生在未得到 FDA 正式批准的情況下，對感染新冠病毒住院的患者使用瑞德西韋。
此外，年初美國前總統川普發表新冠肺炎相關言論後，抗瘧疾藥物和氯喹、氫氧奎寧也引起大眾注意。
之後 WHO 將兩種藥物納入大規模全球試驗。媒體分析認為，這些可能都是讓 FDA 快速批准緊急使用跟新冠病毒治療有關的氯喹和氫氧奎寧的原因。
外媒指出，美國衛生與公眾服務部（HHS）曾聲明表示，FDA 允許將氯喹和氫氧奎寧捐贈給國家為戰略儲備，然後再由醫生根據情況分配給住院的青少年和成年新冠肺炎患者，但不能用於臨床試驗。
不僅如此，4 月美國媒體報導，川普政府還曾推動 FDA 批准日本富士（Fujifilm）公司生產的流感藥「法匹拉韋」（favipiravir，商品名：Avigan）治療新冠肺炎。
FDA 發布氯喹和氫氧奎寧的緊急使用授權後，法匹拉韋已是川普提到的第二種支援治療新冠肺炎的藥物。之後有媒體整理發現，FDA 並未批准法匹拉韋在美國使用。
對此，艾克朗大學（University of Akron）全球商業學院教授斯瑞尼瓦森（Mahesh Srinivasan）接受採訪時表示，一種進口藥物是否能在美國治療新冠肺炎取決於兩點：FDA 是否批准；製造商能否證明生產規模達到出口標準。
斯瑞尼瓦森還曾指出，在新冠肺炎疫情下，FDA 批准時將不得不在藥物的必要性和大眾安全間尋找平衡。
（本文由 雷鋒網 授權轉載；首圖來源：pixabay）
"
美國再生能源產業樂見拜登當選，盼加速綠能產業發展,"雖然還不確定美國大選會不會有變數，但目前的狀態仍是民主黨總統候選人拜登（Joe Biden）擊敗現任總統川普，對於現況，美國再生能源產業顯然樂見白宮易主，太陽能、風能、儲能領域和電網基礎設備領域對將來綠色新政（Green New Deal）寄予厚望。

拜登在選前提出 2 兆美元的乾淨能源計畫，提供再生能源稅收減免與零碳工業政策等計畫，盼提升交通、電力和建築領域的再生能源比例，如今更承諾在 2035 年實現無碳發電，用太陽能、風力發電等再生能源取代燃煤發電，2050 年實現經濟淨零排放。
應對氣候變遷之餘，也能創造就業機會與建設基礎設施，這或許是後疫情各國頗切所需，拜登指出，將創造數百萬個高薪職位。拜登也不斷強調抗氣候變化的重要性，說在上任總統的第一天，就會立刻重新加入《巴黎氣候協定》。「氣候變遷這項挑戰將會定義美國的未來，且我知道這是百年一遇的機會，能讓活躍經濟、提升美國在全球的領導地位，更能為後代子孫保護我們的星球。」
相較於力挺石油與燃煤的川普，業界普遍認為拜登上任有助綠能發展，目前再生能源、儲能與電網基礎設備和技術供應商及致力減碳的公司已紛紛向拜登表達祝賀之意，也希望能早日採取行動、迫不及待地對政策提出建言。
美國風能協會執行長 Tom Kiernan 表示，拜登和他的團隊已訂定一個雄心勃勃的綜合能源政策方案，認為再生能源可以促進美國經濟和創造更環保的環境，與此同時也能維持低電價與因應氣候變遷，未來美國風能部門與不斷擴大的工作人員也準備好一同幫助計畫如期實行。
美國太陽能產業協會（SEIA）執行長 Abigail Ross Hopper 則表示，拜登的氣候變遷計畫有機會在美國創造好幾萬的高薪職位，期待將來與其團隊與國會合作，一同促成太陽能與儲能稅收政策等減碳措施。
隨著美國再生能源裝置量攀升，電網升級與儲能部屬將是解決太陽能、風力發電間歇性挑戰的重點，而稅收減免也會是增加裝置量的誘因之一，幫美國儲能協會執行長 Kelly Speakes-Backman 指出，希望新政府關注電力和交通產業的減碳工作，這也有助推動儲能發展。
但拜登當選、事情有那麼容易嗎？伍德麥肯茲（Wood Mackenzie）董事長兼分析師 Simon Flowers 不這麼認為，眼下分裂的政府「很有可能會嚴重削弱」拜登的能源計畫，民主黨沒有獲得參議院多數席次，可能會拖延相關的立法或刺激措施。
不過就算川普較為支持化石燃料，太陽能、風能近年來也因為投資人大力推動而發展迅速，美國再生能源發電占比創新高，以全球來看，預估 2020 年綠能新增裝置量也將達到有史以來最高的 200GW ，再生能源在新增能源裝置中就佔了 90%，預計到了 2025 年，綠能會占全球發電量的三分之一，已經是全球趨勢。
（首圖來源：Flickr/coniferconifer CC BY 2.0）
"
"與輝瑞較勁？俄羅斯稱 Sputnik V 新冠疫苗有效性達 92%","幾個月前俄羅斯宣布批准 Sputnik V 新冠疫苗，國際上引起廣大的爭議，或許是為了證明這是正確的決定，在輝瑞（Pfizer）近日公布驚人的 3 期試驗數據後，俄羅斯當局也不甘示弱跟上宣布 Sputnik V 臨床 3 期數據同樣「令人鼓舞」，但因為樣本數過少，一些專家認為對 Sputnik V 的有效性仍舊存疑。
與採用實驗性 mRNA 技術的輝瑞疫苗不同，基於腺病毒的 Sputnik V 是一種更為傳統的疫苗，可以說安全性上相當完善，但因為無害的腺病毒相對普遍，人們也懷疑許多免疫系統是否會認出「常客」，導致影響後續疫苗效果，為了避免這點，Sputnik V 疫苗試圖透過兩種不同的基因工程腺病毒來解決熟悉度問題。
在輝瑞近日公布的 3 期試驗數據中，疫苗有效性據傳達到驚人的 90%．在那之後，俄羅斯也立即公布了 Sputnik V 的 3 期臨床試驗數據，指出 Sputnik V 疫苗有效性達到 92%。
最終階段的疫苗試驗都會招募大量隨機分為安慰劑組或活性組的受試者來進行，以 FDA 10 月新公布的標準來看，要通過中期審查的門檻，數據涵蓋的確診受試者人數必須超過 62 例。
以輝瑞疫苗來說，3 期臨床試驗總計將有 4.3 萬名受試者，但目前僅有 1.6 萬名受試者數據能被納入中期分析，其中 94 位確診者僅有 9 人須接受兩劑疫苗注射，而這也是有效性 90% 的來源。而從俄羅斯的最新聲明來看，Sputnik V 的 92% 有效性僅基於 1.6 萬名受試者中 20 例確診者的數據，遠低於中期分析所需的閾值。
儘管如此，愛丁堡大學（Edinburgh）傳染病專家 Eleanor Riley 強調，俄羅斯疫苗的數據還是相當令人鼓舞，她只是擔心數據是為了與輝瑞疫苗競爭才匆促趕工出來。
「這不是競爭，我們需要所有試驗都盡可能以最高標準進行，尤其是讓試驗數據遵循預設標準來避免任何挑剔，任何過低數字的風險都可能導致大眾對所有疫苗失去信任，那將是一場災難。」
雖然大多數專家都同意 Sputnik V 的有效性聲明為時過早，但從好的方面來看，數據還是帶來一些額外的希望，即其他正在開發的疫苗也有望能對抗新冠病毒。
Sputnik-V 的 3 期試驗仍正在進行中，研究人員強調，所有數據最終都將在同行評審期刊上發表．但由於中期數據顯示良好，俄羅斯預計大規模疫苗接種將會在未來幾週內開始。
（首圖來源：shutterstock）
延伸閱讀：
"
"輝瑞疫苗報佳音！但首批 13 億劑，台灣搶得過這些大國嗎？","全球科學家日夜研發新冠肺炎疫苗，11 月 9 日晚間傳出好消息！美國輝瑞藥廠（Pfizer）與德國生技公司 BioNTech 研發的疫苗證實逾 90% 有效，全球為之振奮！輝瑞預計 2021 年供應全球 13 億劑，台灣搶得到嗎？
全球新冠肺炎疫苗研發的馬拉松競賽，終於在最後關頭出現領跑者！
正當全球確診人數超過 5,000 萬例之際，台灣時間 11 月 9 日晚間 7 時 30 分傳出佳音，美國輝瑞藥廠與德國生技公司 BioNTech 聯手研發的新冠肺炎疫苗，達到逾 90% 有效。
根據輝瑞和 BioNTech 第三期大規模臨床試驗的初步結果顯示，接種兩劑中第二劑的 7 天後，以及接種第一劑的 28 天後，能達到九成保護力的效果。這項第三階段臨床試驗，有六國、4 萬 3,538 名受試者，一半接受疫苗、一半接受安慰劑，其中僅 94 人受感染，最新成果令人十分振奮。
「這是科學與人類最美好的一天！」輝瑞執行長布爾拉（Albert Bourla）形容，全世界將可看見黑暗隧道盡頭的曙光，「我們的新冠肺炎疫苗第三階段臨床試驗第一組結果，初步證明我們的疫苗具有預防新冠肺炎的能力」。
一時之間，道瓊工業指數盤中狂飆 1,700 多點、直衝 3 萬點歷史紀錄；歐洲各國股市也拉紅盤，網路更流傳一句笑梗：「當年，輝瑞拯救了男人（指威而鋼）；今年，輝瑞拯救了所有人！」
好消息也是壞消息：台灣恐失之交臂，大國都搶光了
原本這個好消息，也可望拯救台灣人！但令人遺憾的是，10 月 12 日宣布取得 BioNTech 在台灣代理權的國內生技公司東洋，原本宣稱已爭取 3,000 萬劑疫苗，預計第一批 1,000 萬劑將在明年第一季抵台，可望供應 500 萬人施打。沒想到，卻在 11 月 3 日宣告破局，也讓台灣人與最早的新冠肺炎疫苗失之交臂。
對此，中央流行疫情指揮中心發言人莊人祥表示，台灣已跟 COVID-19 疫苗全球取得機制（COVAX）平台簽約，COVAX 有 BioNTech 疫苗，因此台灣未來有機會透過 COVAX 取得此疫苗。
COVAX 是由世界衛生組織、全球疫苗免疫聯盟（GAVI）及流行病預防創新聯盟（CEPI）所主導，為了確保新冠肺炎疫苗授權使用後，能迅速、公平地把疫苗分配給世界。COVAX 預計在 2021 年底以前，提供及分配 20 億劑疫苗給已簽約的 156 個國家，台灣能被分到多少、哪種疫苗，仍是未知數。
輝瑞預計，將在 11 月第二週向美國食藥管理局（FDA）申請緊急使用授權（EUA），今年底最多供應全球 5,000 萬劑疫苗，2021 年最多將供應 13 億劑疫苗。而接種者須相隔 3 週施打兩劑。
正當全世界在歡欣鼓舞時，輝瑞的 13 億劑疫苗到底如何分配？哪些國家能率先打得到疫苗？
答案是：美國、歐盟、日本和英國等大國，早已超前部署。
美國早在 7 月 22 日就先下手為強，狂砸 19.5 億美元（約新台幣 557 億元），購買了 1 億劑輝瑞和 BioNTech 聯手研發的新冠肺炎疫苗。當時，這支候選疫苗尚未展開大規模人體臨床試驗。
不僅如此，美國還保留高達 5 億劑疫苗的加購權。換言之，單單美國就先搶下 6 億劑，可說是包下輝瑞至 2021 年底前大半疫苗。若以每人施打 2 劑計算，這些疫苗已足夠全體美國人接種，可望為這個全球疫情最嚴重國家帶來曙光。
事實上，拜登當選美國總統之後，首要任務是對抗新冠肺炎疫情，已推出「全民強制戴口罩」、「投入 250 億美元確保全民免費接種疫苗」，卯足勁要打贏這場世紀病毒之戰。
接著，眼明手快的是歐盟。歐盟已向輝瑞訂購了 2 億劑，並保留加購權 1 億劑；但以歐盟 28 個成員國、近 5 億多人口來看，輝瑞的疫苗可說是「杯水車薪」。此外，BioNTech 曾獲母國德國政府資助 3 億 7,500 萬歐元，預計也會優先供應自家人施打。
再來是日本，訂購了 1 億 2,000 萬劑。雖有牛津大學新冠肺炎疫苗護身的英國，也搶先向輝瑞訂購了 3,000 萬劑。另外，據輝瑞透露，一些南美和亞太地區國家也已向輝瑞下訂單。
如此掐指一算，輝瑞的 13 億劑新冠肺炎疫苗幾乎都已經被訂走了！就算輝瑞和 BioNTech 有意提供疫苗給 COVAX，但在商言商，恐怕會照合約走，優先供應給砸大錢預購的大國，不免讓人歡喜讓人憂。
疑慮：只是期中報告？保護力有多持久？冷鏈如何解決？
「希望台灣能搶到！」台北市立聯合醫院陽明院區胸腔內科醫師蘇一峰指出，雖然輝瑞和 BioNTech 的新冠肺炎疫苗帶來好消息，但他提醒說，「這是臨床試驗的期中報告，不是最後的報告」。
除了輝瑞和 BioNTech 之外，有好幾支候選疫苗包括 Moderna、英國牛津大學與 AstraZeneca 合作的疫苗等，預計今年 12 月可望問世。但病毒權威何大一博士也坦言，「疫苗的保護力有多強？我們不知道；能維持多久？我們也不知道。」
此外，包括輝瑞和 BioNTech 在內的所有 mRNA 疫苗，在輸送過程中，須面對相當困難的冷鏈問題，也就是要採「攝氏 -70 度」的儲存及運輸，在攝氏 -8 度的冷藏溫度下只能保存 24 小時。
隨著輝瑞和 BioNTech 的新冠肺炎疫苗傳出好消息，接下來將是各國的搶疫苗大戰。台灣做為防疫資優生，除了口罩護國之外，恐須搶先取得疫苗，才能真正戰勝這場世紀病毒。
（本文由 遠見雜誌 授權轉載；首圖來源：pixabay）
延伸閱讀：
"
長島研究顯示，尖峰燃氣電廠可用電池儲能代替還更省錢,"用電尖峰時刻，在當前，主要都由燃氣發電廠來拉高供電平衡需求，在激進環保主義者眼中，燃氣發電仍是燃燒化石燃料、產生二氧化碳的十惡不赦能源，但是，若真要打倒燃氣發電，又該用什麼來替代其在用電尖峰時的重要角色呢？顧問公司 Strategen Consulting 與紐約電池與能源儲存技術聯盟（ New York Battery and Energy Storage Technology Consortium）針對紐約長島的研究顯示：用電池儲能可以替代，還更省錢。

紐約州是美國最積極衝刺減碳目標的州之一，訂下 2040 年要達成全潔淨能源的目標，但是紐約目前仍相當依賴燃氣發電，尤其是長島，因為地理因素，半隔絕的狀態讓長島相當仰賴化石燃料，尤其是尖峰燃氣發電廠。研究團隊表示，長島現有燃氣發電廠，老舊、污染高，成本又貴，最老舊的甚至是 1940 年代所建造，淘汰掉不只是環保，更能省錢。
一般認為電池儲能無法勝任長時間儲能或長時間供電的任務，但是分析發現，長島的尖峰燃氣電廠 54% 都只連續運作 4 小時以下，而這是電池儲能可以輕鬆勝任的時間長度。而未來當電池儲能進展到可提供 13 小時電力時，更可以取代 90% 尖峰燃氣發電廠功能。
長島許多電廠都只為了尖峰而存在，其結果是平時閒置，長島其實擁有的發電容量遠超過所需，這是一種投資上的浪費，研究認為，引進電池儲能，可以在目前就淘汰掉 334 百萬瓦發電容量的燃氣發電廠，維持電力穩定的同時，還能節省成本。
到 2023 年時，紐約針對氮氧化物空污標準新法生效，將使得燃氣發電的成本進一步提高，因為燃氣發電雖然本身污染物質小於燃煤，但是空氣高溫燃燒下，空氣中的氮必然與氧化合，產生氮氧化物污染，要徹底消除氮氧化物污染，需要引進更高度的防治措施，老舊電廠需要改建，會產生相當的成本，讓燃氣不如電池儲能，因此，將可再多淘汰 782 百萬瓦燃氣發電。
最終，若紐約完成離岸風能與太陽能計畫，在 2030 年可淘汰高達 1 吉瓦（gigawatt）燃氣發電。
長島目前已經開始引進電池儲能，但是還相當保守，研究認為，長島應可大力積極推動。雖然已經有許多研究報告顯示紐約大力引進電池儲能可替代尖峰燃氣電廠，但是到目前為止，這樣的願景尚未實現，紐約因引進電池儲能而關閉的燃氣電廠，目前仍然掛零。
（首圖來源：Unsplash）
"
"電鑽、油漆賣到股價破百元！這家公司如何靠「3 個顛覆」從中盤商躍升五金通路王","全台第一家開架式五金業者振宇五金，從不被看好，成長到坐擁 56 家門市的通路王。面對寶家、特力屋社區店等新進對手，它又有何應戰策略？
走進掛有似 Tiffany 藍招牌的店面，先感受到的是門市人員親切招呼，接著映入眼簾的是逾百坪的明亮空間，一排排貨架清楚陳列電鑽、油漆等各類綜合五金產品，這是 9 月底登錄興櫃的振宇五金引以自豪的門市。
「我們是台灣第一家引進開架式陳列的五金業者」，說話的是振宇五金二代、現年 41 歲的總經理洪國展。
相較近年崛起的寶家、特力屋社區店型，振宇五金在地深耕 43 年；以水電油漆類產品為主力，占 48.23%，如今共 56 家門市。去年營收 14 億元，每股稅後純益（EPS）5.37 元，現在股價更漲破百元大關。
自助拿貨  全台首家開架式
振宇五金能成為全台最大複合式五金修繕專業賣場，和改變市場思惟的 3 個點子有關。它的前身為聯達五金，以五金批發為主，一次日本旅行經驗，振宇五金創辦人兼董事長曾善看到當地五金業者的銷售與陳列方式，大感震撼，很有生意頭腦的她，於是在 1989 年挪出 60 坪倉庫空間，成立全台第一家自助式五金零售批發賣場。
不僅採開架式陳列，振宇更跨足各領域五金產品。「當時許多同行都笑說這行不通」，洪國展解釋，這樣的創新顛覆當時五金市場的商業模式。
台灣過去五金業者多僅販售特定領域產品，如水電、建築等，客戶需要什麼，便上門請老闆幫忙拿，且五金產品單價高、易失竊。但振宇五金靠一站式購足，搭上 90 年代建築業興起、原中盤商背景價格較具競爭力等優勢逐漸打響名聲，平均以一年開一家分店的速度，穩健擴張。
數位點貨  3 小時縮至 3 秒
接著 2008 年，曾善兒子洪國展，從美國學成回台接班，替自家五金通路導入數位化管理，這是第二個創新。
「振宇五金有約 13,500 種商品，光將條碼全抄完就要 2 小時，還要花 1 小時輸入到電腦。」最初他選擇進入倉管，卻發現倉儲流程繁雜不清，甚至當時庫存盤點仍用手抄，常與同事加班到凌晨。
加上廠商送貨進來至配送到各門市，中間須經點貨、依需求揀貨等繁瑣過程，常要耗上 2 天。於是洪國展找人開發點貨系統，並讓門市需求在廠商進貨時直接分流。沒想到，花近半年反覆嘗試，竟試到一群老員工跑去董事長辦公室拍桌說：「不幹了！」創新的難度可見一斑。
洪國展沒有放棄，他找來願意配合的店長示範，用不需加班等實際成績服眾，最終把 3 小時點貨環節，縮短至 3 秒，且從廠商進貨到配貨至門市當天就能完成；他透露，過程還可節省 2 成人力、門市庫存也降低兩成，「讓他們看到改變是對的！」
自創品牌  選品策略甩紅海
打造自有品牌，成功吸引有五金 DIY 需求的消費者，是第三個創新。
2008 年金融海嘯時，洪國展又看準外銷五金模具廠轉耕耘台灣市場，成立具選品品質的自有五金商品品牌 ALD，透過新產品開發與傳統五金業者區隔，跳脫激烈的價格戰。
以一年賣逾百萬支的矽利康膠為例，「第一品質要比別人好，反覆試驗 10 次才進貨，且裝填容量較當時專做此項產品大廠還多；第二是藉門市陳列與人員銷售提升曝光度。」
這樣的策略，讓振宇五金來客數配比，從過往專業師傅占 8 成、DIY 客占 2 成，反轉至 4 比 6，且平均客單價提升 10％。洪國展解釋，專業師傅一次會購買大量產品，但對價格較敏感；DIY 客則需散裝、附說明書產品，更重視品質與性價比，振宇藉多元產品組合通吃這兩大消費族群。
（作者：張玉鉉；全文未完，完整內容請見《今周刊》）
"
"靈活的固有無序蛋白，不具備 3D 構造但卻不可或缺","許多酵素蛋白質因其獨特的 3D 結構而擁有神奇催化能力，例如運送養分的血紅蛋白及複製基因的 DNA 聚合酶等，因組成的胺基酸序列相同而能摺疊成不相同的 3D 結構。但人體內其實有約三分之一蛋白質並不具有所謂 3D 結構。

固有無序蛋白
這些無法摺疊成穩定 3D 結構的蛋白質稱為「固有無序蛋白」（intrinsically disordered proteins）。而其他許多蛋白質的某些區段（多於 30 個胺基酸）也可能是沒有結構的「無序區域」（disordered region）。由於科學家曾深信，蛋白質必須具有某種特定 3D 結構才能發揮功能，因此在 1980 年代以前，固有無序蛋白質的功能一直是個謎。
無序卻重要
1980 年代，科學家開始注意到調節基因表現的轉錄因子（transcription factor）胺基酸序列中，某些區域雖然無序、但該區域對於發揮調節基因表現之能力卻至關重要；到了 1990 年代，科學家發現一些極可能是造成帕金森氏症與阿茲海默症的蛋白質如：α-突觸核蛋白（α-synuclein）及濤蛋白（protein tau）在健康細胞中也都是無序的。這些發現使科學家對固有無序蛋白質逐漸改觀，他們雖然沒有 3D 結構但重要性卻不容忽視。
靈活多變的無序蛋白
經過近 30 年對固有無序蛋白質的研究，科學家發現多項物理特性，使其對細胞內訊息傳遞能精準控制。包括：
由於具上述性質，固有無序蛋白執行訊息傳遞功能時，能短暫與訊息網路的多個夥伴蛋白依序相結合又分離，以對刺激訊號進行精確適量的回應，並有處理複雜訊息的潛力。
這些不具特定結構的蛋白質雖然無法像酵素蛋白般催化細胞內生化反應，但沒有特定結構反而與其他蛋白質互動時更具彈性及可塑性。當與其他蛋白質結合時，可改變自身形狀以便於與不同蛋白質互動，並可能依序先後與不同目標蛋白結合、分離。科學家也漸漸發現，固有無序蛋白在生物分子辨識、訊息傳遞、基因表現及 DNA 複製皆扮演極其重要的角色。
無序蛋白可能成為癌症藥物的新目標
NUPR1 是一種胰腺癌含量很高的固有無序蛋白，會促進癌細胞生長及轉移，當科學家以 siRNA 技術壓抑 NUPR1 癌細胞表現量後，癌細胞生長、轉移能力皆因此受阻。然而因 NUPR1 是固有無序蛋白，傳統藥物篩選策略通常不會視為適當藥物標的。
但西班牙及法國的科學家卻苦思突破之道，成功篩選出會與 NUPR1 結合的藥物並測試這些藥物對胰腺癌細胞的影響，結果證實，發現的藥物有抑制胰臟癌惡化的潛力，此研究成果說明，固有無序蛋白亦可能成為開發抗癌藥物標的。
結語
工廠生產線的運作往往必須遵守制定的標準作業流程，將人力、機器、原料等有效率地結合，以達到最有效率的生產模式。而生產線作業員依循固定操作程序並重複操作，有如細胞酵素蛋白催化生反應，執行固定任務，不須與太多同事（蛋白）互動，只要專注眼前例行工作即可。
但為了因應新產品生產，產線調整需要管理階層進行許多溝通協調並制定新作業流程，此時工程師就有如在細胞內傳遞訊息的固有無序蛋白，思考必須靈活有彈性，並善於與產線各部門適度溝通並達成共識。無論如何，製造廠要順利生產出產品，生產與管理缺一不可，而細胞要能正常運作，具 3D 構造的酵素蛋白及負責溝通訊息的固有無序蛋白也缺一不可。
（首圖來源：shutterstock）
"
"馬斯克發推文：出現典型感冒症狀，PCR 檢測 1 天後出爐","特斯拉（Tesla Inc.）執行長馬斯克（Elon Musk）於台灣時間 11 月 13 日下午 1 時 47 分推文表示，他在 12 日進行 4 次的新型冠狀病毒（COVID-19）檢測，兩次呈現陰性、兩次呈現陽性。
Something extremely bogus is going on. Was tested for covid four times today. Two tests came back negative, two came back positive. Same machine, same test, same nurse. Rapid antigen test from BD.
— Elon Musk (@elonmusk) November 13, 2020

馬斯克強調，這 4 次的檢測使用相同的機器、相同的試劑，由同一位護士執行檢測動作。他說，這批快速篩檢抗原試劑出自 BD。
馬斯克接著在台灣時間 13 日下午 1 時 52 分推文表示，如果這會發生在他身上，也會發生在其他人身上。馬斯克並且說，他正透過不同的實驗室進行 PCR（Polymerase Chain Reaction）檢測，結果大約在 24 小時後出爐。
馬斯克接著在 2 分鐘後推文說，他出現了典型的感冒症狀，到目前為止沒有任何異常。
Symptoms of a typical cold. Nothing unusual so far.
— Elon Musk (@elonmusk) November 13, 2020

美國新增確診  住院人數創新高
Worldometers 統計顯示，美國 COVID-19 新增確診病例 12 日報 161,541 例，創歷史新高，7 日平均值升至史上最高的 135,399 例，較一個月前的 50,849 例增加 166%；新增死亡病例 7 日平均值報 1,086 例，創 8 月 17 日以來最高。
COVID Tracking Project 統計顯示，美國 COVID-19 病患住院人數 12 日報 67,096 人，創歷史新高，7 日平均值升至 60,159 例。
加州 12 日新增 9,158 例 COVID-19 增確診病例，累計達 1,007,056 例，在全美各州當中僅次於德州的 1,065,432 例。
加州 COVID-19 新增確診病例 7 日平均值 12 日報 6,882 例，創 8 月 20 日以來新高。
華爾街日報週二報導，舊金山市長 London Breed 宣布，基於新增確診病例在過去 3 週呈現倍增，餐廳將不得提供室內用餐服務。
擔任喬拜登（Joe Biden）冠狀病毒顧問的流行病學家 Michael Osterholm 9 日說，美國將在接下來的 3 到 4 個月內進入 COVID 地獄，單日新增確診病例可能會在數週後輕易地突破 20 萬例。
（本文由 MoneyDJ新聞 授權轉載；首圖來源：Flickr/Steve Jurvetson CC BY 2.0）
"
